CREATE DATABASE  IF NOT EXISTS `sachyfin_development` /*!40100 DEFAULT CHARACTER SET latin1 */;
USE `sachyfin_development`;
-- MySQL dump 10.13  Distrib 5.7.17, for macos10.12 (x86_64)
--
-- Host: 127.0.0.1    Database: sachyfin_development
-- ------------------------------------------------------
-- Server version	5.7.18

/*!40101 SET @OLD_CHARACTER_SET_CLIENT=@@CHARACTER_SET_CLIENT */;
/*!40101 SET @OLD_CHARACTER_SET_RESULTS=@@CHARACTER_SET_RESULTS */;
/*!40101 SET @OLD_COLLATION_CONNECTION=@@COLLATION_CONNECTION */;
/*!40101 SET NAMES utf8 */;
/*!40103 SET @OLD_TIME_ZONE=@@TIME_ZONE */;
/*!40103 SET TIME_ZONE='+00:00' */;
/*!40014 SET @OLD_UNIQUE_CHECKS=@@UNIQUE_CHECKS, UNIQUE_CHECKS=0 */;
/*!40014 SET @OLD_FOREIGN_KEY_CHECKS=@@FOREIGN_KEY_CHECKS, FOREIGN_KEY_CHECKS=0 */;
/*!40101 SET @OLD_SQL_MODE=@@SQL_MODE, SQL_MODE='NO_AUTO_VALUE_ON_ZERO' */;
/*!40111 SET @OLD_SQL_NOTES=@@SQL_NOTES, SQL_NOTES=0 */;

--
-- Table structure for table `accounts`
--

DROP TABLE IF EXISTS `accounts`;
/*!40101 SET @saved_cs_client     = @@character_set_client */;
/*!40101 SET character_set_client = utf8 */;
CREATE TABLE `accounts` (
  `id` int(11) NOT NULL AUTO_INCREMENT,
  `account_number` varchar(255) DEFAULT NULL,
  `name` varchar(255) DEFAULT NULL,
  `last_import` datetime DEFAULT NULL,
  `last_transaction` date DEFAULT NULL,
  `created_at` datetime NOT NULL,
  `updated_at` datetime NOT NULL,
  `last_amount_import` int(11) DEFAULT NULL,
  PRIMARY KEY (`id`)
) ENGINE=InnoDB AUTO_INCREMENT=3 DEFAULT CHARSET=latin1;
/*!40101 SET character_set_client = @saved_cs_client */;

--
-- Dumping data for table `accounts`
--

LOCK TABLES `accounts` WRITE;
/*!40000 ALTER TABLE `accounts` DISABLE KEYS */;
INSERT INTO `accounts` VALUES (1,'404937587','Gatita',NULL,NULL,'2017-06-13 21:11:57','2017-06-13 21:11:57',NULL),(2,'515840629','Lobito','2017-06-13 22:14:52','2017-05-19','2017-06-13 21:11:57','2017-06-13 22:14:52',394);
/*!40000 ALTER TABLE `accounts` ENABLE KEYS */;
UNLOCK TABLES;

--
-- Table structure for table `categories`
--

DROP TABLE IF EXISTS `categories`;
/*!40101 SET @saved_cs_client     = @@character_set_client */;
/*!40101 SET character_set_client = utf8 */;
CREATE TABLE `categories` (
  `id` int(11) NOT NULL AUTO_INCREMENT,
  `name` varchar(255) DEFAULT NULL,
  `created_at` datetime NOT NULL,
  `updated_at` datetime NOT NULL,
  `grupo_id` int(11) DEFAULT NULL,
  `budget` decimal(8,2) DEFAULT NULL,
  `ctype` int(11) DEFAULT '0',
  PRIMARY KEY (`id`)
) ENGINE=InnoDB AUTO_INCREMENT=26 DEFAULT CHARSET=latin1;
/*!40101 SET character_set_client = @saved_cs_client */;

--
-- Dumping data for table `categories`
--

LOCK TABLES `categories` WRITE;
/*!40000 ALTER TABLE `categories` DISABLE KEYS */;
INSERT INTO `categories` VALUES (1,'Other','2017-06-13 21:11:57','2017-06-13 21:11:57',1,100.00,0),(2,'Comida','2017-06-14 06:00:28','2017-06-14 06:00:28',2,600.00,0),(3,'Hipoteca','2017-06-14 06:43:27','2017-06-14 06:43:27',3,1500.00,0),(4,'Lunch Trabajo','2017-06-14 06:45:40','2017-06-14 06:45:40',2,300.00,0),(5,'Seguros','2017-06-14 07:21:48','2017-06-14 07:21:48',3,250.00,0),(6,'Seguro medico','2017-06-14 07:23:45','2017-06-14 07:23:45',3,150.00,0),(7,'Mantenimiento auto','2017-06-14 07:27:14','2017-06-14 07:37:23',1,500.00,0),(8,'Gastos auto','2017-06-14 07:29:00','2017-06-14 07:29:00',2,50.00,0),(9,'Salidas','2017-06-14 07:30:10','2017-06-14 07:30:10',2,200.00,0),(10,'Mantenimiento Casa','2017-06-14 07:35:54','2017-06-14 20:06:06',1,200.00,0),(11,'Ahorro Personal','2017-06-16 20:02:14','2017-06-16 20:10:23',4,300.00,2),(12,'Salario Lobito','2017-06-16 20:13:49','2017-06-22 21:58:53',5,4300.00,1),(14,'Tabaco','2017-07-25 09:53:52','2017-07-25 09:53:52',1,200.00,0),(15,'Vacaciones Valencia 2017','2017-07-25 09:54:54','2017-07-25 09:54:54',1,1000.00,0),(16,'Vacaciones Lanzarote 2017','2017-07-25 09:55:23','2017-07-25 09:55:23',1,1000.00,0),(17,'Astor y Gaia','2017-07-25 09:56:00','2017-07-25 09:56:00',2,200.00,0),(18,'Compras Lobo','2017-07-25 09:56:54','2017-07-25 09:56:54',1,200.00,0),(20,'City trip Munich','2017-07-25 10:11:08','2017-07-25 10:12:09',1,500.00,0),(21,'City trip Madrid','2017-07-25 10:11:48','2017-07-25 10:11:48',1,500.00,0),(22,'Gastos casa','2017-07-25 10:14:29','2017-07-25 10:14:29',3,100.00,0),(23,'Ingreso Belasting','2017-07-25 10:28:38','2017-07-25 10:28:38',5,500.00,1),(24,'Aporte Cta Comun','2017-07-25 10:35:25','2017-07-25 10:35:25',3,2500.00,0),(25,'Gastos Tarjeta','2017-07-25 10:35:40','2017-07-25 10:35:40',2,300.00,0);
/*!40000 ALTER TABLE `categories` ENABLE KEYS */;
UNLOCK TABLES;

--
-- Table structure for table `category_accounts`
--

DROP TABLE IF EXISTS `category_accounts`;
/*!40101 SET @saved_cs_client     = @@character_set_client */;
/*!40101 SET character_set_client = utf8 */;
CREATE TABLE `category_accounts` (
  `id` int(11) NOT NULL AUTO_INCREMENT,
  `category_id` int(11) DEFAULT NULL,
  `account_id` int(11) DEFAULT NULL,
  `budget` decimal(10,0) DEFAULT NULL,
  `created_at` datetime NOT NULL,
  `updated_at` datetime NOT NULL,
  PRIMARY KEY (`id`)
) ENGINE=InnoDB AUTO_INCREMENT=2 DEFAULT CHARSET=latin1;
/*!40101 SET character_set_client = @saved_cs_client */;

--
-- Dumping data for table `category_accounts`
--

LOCK TABLES `category_accounts` WRITE;
/*!40000 ALTER TABLE `category_accounts` DISABLE KEYS */;
INSERT INTO `category_accounts` VALUES (1,11,2,100,'2017-07-27 23:06:00','2017-07-27 23:06:00');
/*!40000 ALTER TABLE `category_accounts` ENABLE KEYS */;
UNLOCK TABLES;

--
-- Table structure for table `grupos`
--

DROP TABLE IF EXISTS `grupos`;
/*!40101 SET @saved_cs_client     = @@character_set_client */;
/*!40101 SET character_set_client = utf8 */;
CREATE TABLE `grupos` (
  `id` int(11) NOT NULL AUTO_INCREMENT,
  `name` varchar(255) DEFAULT NULL,
  `created_at` datetime NOT NULL,
  `updated_at` datetime NOT NULL,
  `budget` decimal(8,2) DEFAULT NULL,
  PRIMARY KEY (`id`)
) ENGINE=InnoDB AUTO_INCREMENT=6 DEFAULT CHARSET=latin1;
/*!40101 SET character_set_client = @saved_cs_client */;

--
-- Dumping data for table `grupos`
--

LOCK TABLES `grupos` WRITE;
/*!40000 ALTER TABLE `grupos` DISABLE KEYS */;
INSERT INTO `grupos` VALUES (1,'Extra','2017-06-13 21:11:57','2017-06-13 21:11:57',300.00),(2,'Variable','2017-06-14 06:00:01','2017-06-14 06:00:01',700.00),(3,'Fijos','2017-06-14 06:42:44','2017-06-14 06:42:44',1500.00),(4,'Ahorro','2017-06-16 20:02:40','2017-06-16 20:02:40',300.00),(5,'Ingreso','2017-06-16 20:13:27','2017-06-16 20:13:27',5000.00);
/*!40000 ALTER TABLE `grupos` ENABLE KEYS */;
UNLOCK TABLES;

--
-- Table structure for table `rules`
--

DROP TABLE IF EXISTS `rules`;
/*!40101 SET @saved_cs_client     = @@character_set_client */;
/*!40101 SET character_set_client = utf8 */;
CREATE TABLE `rules` (
  `id` int(11) NOT NULL AUTO_INCREMENT,
  `name` varchar(255) DEFAULT NULL,
  `category_id` int(11) DEFAULT NULL,
  `created_at` datetime NOT NULL,
  `updated_at` datetime NOT NULL,
  PRIMARY KEY (`id`)
) ENGINE=InnoDB AUTO_INCREMENT=22 DEFAULT CHARSET=latin1;
/*!40101 SET character_set_client = @saved_cs_client */;

--
-- Dumping data for table `rules`
--

LOCK TABLES `rules` WRITE;
/*!40000 ALTER TABLE `rules` DISABLE KEYS */;
INSERT INTO `rules` VALUES (1,'Albert Heijn',2,'2017-06-14 06:00:54','2017-06-14 06:00:54'),(2,'VOMAR',2,'2017-06-14 06:44:10','2017-06-14 06:44:10'),(3,'We Canteen B.V.',4,'2017-06-14 06:45:49','2017-06-14 06:45:49'),(4,'OHRA SCHADEVERZEKERINGEN',5,'2017-06-14 07:21:59','2017-06-14 07:21:59'),(5,'CZ Groep ',6,'2017-06-14 07:23:52','2017-06-14 07:23:52'),(6,'AAP VERZEKERINGEN',5,'2017-06-14 07:24:45','2017-06-14 07:24:45'),(7,'CoffeeCompany',4,'2017-06-14 07:25:26','2017-06-14 07:25:26'),(8,'BMW ',7,'2017-06-14 07:27:28','2017-06-14 07:27:28'),(9,'Parkeren',8,'2017-06-14 07:29:06','2017-06-14 07:29:06'),(10,'VERGULDEN EENHOORN',9,'2017-06-14 07:30:16','2017-06-14 07:30:16'),(11,'Subbacultcha',9,'2017-06-14 07:31:01','2017-06-14 07:31:01'),(12,'Loetje',9,'2017-06-14 07:31:30','2017-06-14 07:31:30'),(13,'Oosterparking',8,'2017-06-14 07:31:58','2017-06-14 07:31:58'),(14,'TEXACO',8,'2017-06-14 07:32:37','2017-06-14 07:32:37'),(15,'Marqt',2,'2017-06-14 07:33:44','2017-06-14 07:33:44'),(16,'LE PERRON ',2,'2017-06-14 07:34:17','2017-06-14 07:34:17'),(17,'PRAXIS',10,'2017-06-14 07:36:07','2017-06-14 07:36:07'),(20,'NL42ABNA0400621347',11,'2017-06-16 20:15:58','2017-06-16 20:15:58'),(21,'AUTOMATIC DATA PROCESSING',12,'2017-06-16 20:27:32','2017-06-16 20:27:32');
/*!40000 ALTER TABLE `rules` ENABLE KEYS */;
UNLOCK TABLES;

--
-- Table structure for table `schema_migrations`
--

DROP TABLE IF EXISTS `schema_migrations`;
/*!40101 SET @saved_cs_client     = @@character_set_client */;
/*!40101 SET character_set_client = utf8 */;
CREATE TABLE `schema_migrations` (
  `version` varchar(255) NOT NULL,
  UNIQUE KEY `unique_schema_migrations` (`version`)
) ENGINE=InnoDB DEFAULT CHARSET=latin1;
/*!40101 SET character_set_client = @saved_cs_client */;

--
-- Dumping data for table `schema_migrations`
--

LOCK TABLES `schema_migrations` WRITE;
/*!40000 ALTER TABLE `schema_migrations` DISABLE KEYS */;
INSERT INTO `schema_migrations` VALUES ('20161219113036'),('20161219113629'),('20161219124721'),('20161219124730'),('20161219131243'),('20161219153313'),('20161219220139'),('20161219222553'),('20161219224115'),('20161219225542'),('20161221102540'),('20161221131907'),('20170616192503'),('20170727222901');
/*!40000 ALTER TABLE `schema_migrations` ENABLE KEYS */;
UNLOCK TABLES;

--
-- Table structure for table `transactions`
--

DROP TABLE IF EXISTS `transactions`;
/*!40101 SET @saved_cs_client     = @@character_set_client */;
/*!40101 SET character_set_client = utf8 */;
CREATE TABLE `transactions` (
  `id` int(11) NOT NULL AUTO_INCREMENT,
  `account_id` int(11) DEFAULT NULL,
  `transaction_date` date DEFAULT NULL,
  `start_saldo` decimal(8,2) DEFAULT NULL,
  `end_saldo` decimal(8,2) DEFAULT NULL,
  `amount` decimal(8,2) DEFAULT NULL,
  `description` text,
  `created_at` datetime NOT NULL,
  `updated_at` datetime NOT NULL,
  `category_id` int(11) DEFAULT NULL,
  PRIMARY KEY (`id`)
) ENGINE=InnoDB AUTO_INCREMENT=394 DEFAULT CHARSET=latin1;
/*!40101 SET character_set_client = @saved_cs_client */;

--
-- Dumping data for table `transactions`
--

LOCK TABLES `transactions` WRITE;
/*!40000 ALTER TABLE `transactions` DISABLE KEYS */;
INSERT INTO `transactions` VALUES (1,2,'2017-01-02',537.51,473.79,-63.72,'SEPA Incasso algemeen doorlopend Incassant: NL21ZZZ330520730000  Naam: OHRA SCHADEVERZEKERINGEN   Machtiging: 000000000002163168  Omschrijving: Relatienr: 7465502  / Vlgnr:    27 / Periode t/m januari 2017                       IBAN: NL98INGB0002712510        Kenmerk: DEB7217465502000027','2017-06-13 22:01:09','2017-06-14 07:21:59',5),(2,2,'2017-01-02',473.79,312.29,-161.50,'SEPA Incasso algemeen doorlopend Incassant: NL18ZZZ410952220000  Naam: CZ Groep Zorgverzekeraar   Machtiging: 713637587001001001  Omschrijving: kenmerk 9072412164 745520 Rel.nr. 713637587 Periode 01-01-2017/31-01-2017 CZ Zorgve rzekering                       IBAN: NL85INGB0668339063','2017-06-13 22:14:48','2017-06-14 07:23:52',6),(3,2,'2017-01-02',312.29,304.74,-7.55,'BEA   NR:009W64   02.01.17/12.53 We Canteen B.V. EINDHOVE,PAS817','2017-06-13 22:14:48','2017-06-14 06:45:49',4),(4,2,'2017-01-03',304.74,293.74,-11.00,'SEPA Incasso algemeen doorlopend Incassant: NL77ZZZ040532290000  Naam: AAP VERZEKERINGEN BV       Machtiging: 46585               Omschrijving: Voordeelabonnement  januari 2017                   IBAN: NL81INGB0672137461         Kenmerk: 0201701000309697','2017-06-13 22:14:48','2017-06-14 07:24:45',5),(5,2,'2017-01-03',293.74,292.44,-1.30,'ACCOUNT-BALANCED    31.12        DEBIT  INTEREST            1,30D','2017-06-13 22:14:48','2017-06-13 22:14:48',1),(6,2,'2017-01-03',292.44,288.74,-3.70,'BEA   NR:JWM26F   03.01.17/09.58 CoffeeCompany ODE AMSTER,PAS817','2017-06-13 22:14:48','2017-06-14 07:25:26',4),(7,2,'2017-01-03',288.74,279.64,-9.10,'BEA   NR:2C751M   03.01.17/12.49 We Canteen B.V. EINDHOVE,PAS817','2017-06-13 22:14:48','2017-06-14 06:45:49',4),(8,2,'2017-01-03',279.64,272.14,-7.50,'BEA   NR:6M5XKV   03.01.17/18.44 Albert Heijn 1436 AMSTER,PAS817','2017-06-13 22:14:48','2017-07-25 10:17:03',14),(9,2,'2017-01-04',272.14,264.14,-8.00,'SEPA Incasso algemeen doorlopend Incassant: NL28ZZZ343323620000  Naam: SUBBACULTCHA VOF           Machtiging: 1405                Omschrijving: Subbacultcha Membe rship Jan17                     IBAN: NL89INGB0006524772         Kenmerk: D20170102-7699920803-28662264005164','2017-06-13 22:14:48','2017-06-14 07:31:01',9),(10,2,'2017-01-04',264.14,255.49,-8.65,'BEA   NR:2C751M   04.01.17/12.25 We Canteen B.V. EINDHOVE,PAS817','2017-06-13 22:14:48','2017-06-14 06:45:49',4),(11,2,'2017-01-05',255.49,251.79,-3.70,'BEA   NR:JWM26F   05.01.17/10.25 CoffeeCompany ODE AMSTER,PAS817','2017-06-13 22:14:48','2017-06-14 07:25:26',4),(12,2,'2017-01-05',251.79,243.69,-8.10,'BEA   NR:FM560P   05.01.17/12.39 We Canteen B.V. EINDHOVE,PAS817','2017-06-13 22:14:48','2017-06-14 06:45:49',4),(13,2,'2017-01-05',243.69,236.19,-7.50,'BEA   NR:0FZ009   05.01.17/17.02 Vomar Middenweg AMSTERDA,PAS817','2017-06-13 22:14:48','2017-07-25 10:17:07',14),(14,2,'2017-01-05',236.19,-21.82,-258.01,'BEA   NR:CT389396 05.01.17/17.25 CCV*BMW AMSTERDAM AMSTER,PAS817','2017-06-13 22:14:48','2017-06-14 07:27:28',7),(15,2,'2017-01-06',-21.82,-25.52,-3.70,'BEA   NR:JWM26F   06.01.17/10.00 CoffeeCompany ODE AMSTER,PAS817','2017-06-13 22:14:48','2017-06-14 07:25:26',4),(16,2,'2017-01-06',-25.52,-33.62,-8.10,'BEA   NR:2C751M   06.01.17/12.19 We Canteen B.V. EINDHOVE,PAS817','2017-06-13 22:14:48','2017-06-14 06:45:49',4),(17,2,'2017-01-06',-33.62,-42.96,-9.34,'BEA   NR:VZP43Q   06.01.17/19.47 Parkeren 11014 A\'dam AMS,PAS817','2017-06-13 22:14:48','2017-06-14 07:29:06',8),(18,2,'2017-01-07',-42.96,-50.46,-7.50,'BEA   NR:0FZ009   07.01.17/14.14 Vomar Middenweg AMSTERDA,PAS817','2017-06-13 22:14:48','2017-07-25 10:17:10',14),(19,2,'2017-01-07',-50.46,-122.56,-72.10,'BEA   NR:CT069636 07.01.17/15.05 CCV*VERGULDEN EENHOORN A,PAS817','2017-06-13 22:14:48','2017-06-14 07:30:16',9),(20,2,'2017-01-08',-122.56,-157.54,-34.98,'BEA   NR:AL052680 08.01.17/15.01 CCV*BIGGLES FASHION & LE,PAS817','2017-06-13 22:14:48','2017-07-25 09:58:05',18),(21,2,'2017-01-09',-157.54,-165.64,-8.10,'BEA   NR:FM560P   09.01.17/12.57 We Canteen B.V. EINDHOVE,PAS817','2017-06-13 22:14:48','2017-06-14 06:45:49',4),(22,2,'2017-01-10',-165.64,-180.69,-15.05,'BEA   NR:15BPS6   10.01.17/12.37 VOMAR CRUQ AMSTERDAM,PAS817','2017-06-13 22:14:48','2017-06-14 06:29:24',2),(23,2,'2017-01-10',-180.69,-186.94,-6.25,'BEA   NR:3R77CN   10.01.17/14.44 PIPPERS B.V. AMSTERDAM,PAS817','2017-06-13 22:14:48','2017-07-25 09:58:24',18),(24,2,'2017-01-10',-186.94,-194.09,-7.15,'BEA   NR:CT409955 10.01.17/19.04 CCV*CORNELIS TROOST B. A,PAS817','2017-06-13 22:14:48','2017-07-25 10:19:16',4),(25,2,'2017-01-10',-194.09,-270.59,-76.50,'BEA   NR:06G41D   10.01.17/22.04 Loetje in de Pijp B.V. A,PAS817','2017-06-13 22:14:48','2017-06-14 07:31:30',9),(26,2,'2017-01-11',-270.59,-277.07,-6.48,'BEA   NR:BL5103   11.01.17/10.31 PRAXIS A\'DAM OOST AMSTER,PAS817','2017-06-13 22:14:48','2017-06-14 07:36:07',10),(27,2,'2017-01-11',-277.07,-289.09,-12.02,'BEA   NR:CT454881 11.01.17/12.38 CCV*VAP NEDERLAND BV AMS,PAS817','2017-06-13 22:14:48','2017-07-25 10:19:05',4),(28,2,'2017-01-11',-289.09,-294.39,-5.30,'BEA   NR:JWM26F   11.01.17/12.44 CoffeeCompany ODE AMSTER,PAS817','2017-06-13 22:14:48','2017-06-14 07:25:26',4),(29,2,'2017-01-11',-294.39,-295.39,-1.00,'BEA   NR:Z6C5CL   11.01.17/20.56 Oosterparking bv AMSTERD,PAS817','2017-06-13 22:14:48','2017-06-14 07:31:58',8),(30,2,'2017-01-11',-295.39,-384.71,-89.32,'BEA   NR:10031412 11.01.17/21.08 TEXACO AMSTERDAM AMSTERD,PAS817','2017-06-13 22:14:49','2017-06-14 07:32:37',8),(31,2,'2017-01-12',-384.71,-392.81,-8.10,'BEA   NR:FM560P   12.01.17/12.28 We Canteen B.V. EINDHOVE,PAS817','2017-06-13 22:14:49','2017-06-14 06:45:49',4),(32,2,'2017-01-12',-392.81,-394.86,-2.05,'BEA   NR:2C751M   12.01.17/12.43 We Canteen B.V. EINDHOVE,PAS817','2017-06-13 22:14:49','2017-06-14 06:45:49',4),(33,2,'2017-01-12',-394.86,-404.86,-10.00,'BEA   NR:HST18Q   12.01.17/19.38 Parkeren 11030 A\'dam AMS,PAS817','2017-06-13 22:14:49','2017-06-14 07:29:06',8),(34,2,'2017-01-13',-404.86,-408.56,-3.70,'BEA   NR:JWM26F   13.01.17/09.43 CoffeeCompany ODE AMSTER,PAS817','2017-06-13 22:14:49','2017-06-14 07:25:26',4),(35,2,'2017-01-13',-408.56,-420.21,-11.65,'BEA   NR:CT454881 13.01.17/12.57 CCV*VAP NEDERLAND BV AMS,PAS817','2017-06-13 22:14:49','2017-07-25 10:19:08',4),(36,2,'2017-01-13',-420.21,-458.28,-38.07,'BEA   NR:RN4D74   13.01.17/18.26 Marqt Linnaeusstraat AMS,PAS817','2017-06-13 22:14:49','2017-06-14 07:33:44',2),(37,2,'2017-01-13',-458.28,-478.28,-20.00,'GEA   NR:S5A137   13.01.17/18.32 ING AMSTERDAM,PAS817','2017-06-13 22:14:49','2017-06-13 22:14:49',1),(38,2,'2017-01-14',-478.28,-495.43,-17.15,'BEA   NR:0FZ006   14.01.17/12.09 Vomar Middenweg AMSTERDA,PAS817','2017-06-13 22:14:49','2017-06-14 06:44:10',2),(39,2,'2017-01-14',-495.43,-502.93,-7.50,'BEA   NR:0FZ009   14.01.17/12.10 Vomar Middenweg AMSTERDA,PAS817','2017-06-13 22:14:49','2017-07-25 10:17:14',14),(40,2,'2017-01-14',-502.93,-512.38,-9.45,'BEA   NR:CT431493 14.01.17/12.16 CCV*LE PERRON MIDDENWE A,PAS817','2017-06-13 22:14:49','2017-06-14 07:34:17',2),(41,2,'2017-01-16',-512.38,-527.88,-15.50,'BEA   NR:0ZQ502   16.01.17/09.28 Primera Middenweg AMSTER,PAS817','2017-06-13 22:14:49','2017-07-25 09:58:14',14),(42,2,'2017-01-16',-527.88,-531.58,-3.70,'BEA   NR:JWM26F   16.01.17/09.51 CoffeeCompany ODE AMSTER,PAS817','2017-06-13 22:14:49','2017-06-14 07:25:26',4),(43,2,'2017-01-16',-531.58,7.42,539.00,'SEPA Overboeking                 IBAN: NL36INGB0003445588        BIC: INGBNL2A                    Naam: BELASTINGDIENST           Omschrijving: MAAND JAN. NR. 231 555714H7001      IB/PVV 2017       (SANTIAGO NUN)                Kenmerk: 20170111002428545','2017-06-13 22:14:49','2017-07-25 10:29:29',23),(44,2,'2017-01-16',7.42,0.62,-6.80,'BEA   NR:FM560P   16.01.17/12.22 We Canteen B.V. EINDHOVE,PAS817','2017-06-13 22:14:49','2017-06-14 06:45:49',4),(45,2,'2017-01-17',0.62,-7.88,-8.50,'BEA   NR:009W64   17.01.17/12.05 We Canteen B.V. EINDHOVE,PAS817','2017-06-13 22:14:49','2017-06-14 06:45:49',4),(46,2,'2017-01-17',-7.88,-13.53,-5.65,'BEA   NR:JWM26F   17.01.17/12.32 CoffeeCompany ODE AMSTER,PAS817','2017-06-13 22:14:49','2017-06-14 07:25:26',4),(47,2,'2017-01-17',-13.53,-23.52,-9.99,'SEPA Incasso algemeen doorlopend Incassant: NL74ZZZ342764500017  Naam: SPOTIFY BY ADYEN           Machtiging: 1314818195521278    Omschrijving: SpotifyNL P0180297 6E                              IBAN: NL48ABNA0502830042         Kenmerk: C4514844979566620C     Voor: JF SANTIAGO NUNEZ','2017-06-13 22:14:49','2017-06-13 22:14:49',1),(48,2,'2017-01-18',-23.52,-27.22,-3.70,'BEA   NR:JWM26F   18.01.17/10.03 CoffeeCompany ODE AMSTER,PAS817','2017-06-13 22:14:49','2017-06-14 07:25:26',4),(49,2,'2017-01-18',-27.22,-35.07,-7.85,'BEA   NR:009W64   18.01.17/12.14 We Canteen B.V. EINDHOVE,PAS817','2017-06-13 22:14:49','2017-06-14 06:45:49',4),(50,2,'2017-01-19',-35.07,-38.77,-3.70,'BEA   NR:JWM26F   19.01.17/09.47 CoffeeCompany ODE AMSTER,PAS817','2017-06-13 22:14:49','2017-06-14 07:25:26',4),(51,2,'2017-01-19',-38.77,-46.12,-7.35,'BEA   NR:2C751M   19.01.17/12.40 We Canteen B.V. EINDHOVE,PAS817','2017-06-13 22:14:49','2017-06-14 06:45:49',4),(52,2,'2017-01-20',-46.12,-53.62,-7.50,'BEA   NR:PQ3Y3Q   20.01.17/08.56 Tabakshop Linnaeus AMSTE,PAS817','2017-06-13 22:14:49','2017-07-25 09:58:35',14),(53,2,'2017-01-20',-53.62,-57.32,-3.70,'BEA   NR:JWM26F   20.01.17/09.10 CoffeeCompany ODE AMSTER,PAS817','2017-06-13 22:14:49','2017-06-14 07:25:26',4),(54,2,'2017-01-20',-57.32,-65.42,-8.10,'BEA   NR:009W64   20.01.17/12.08 We Canteen B.V. EINDHOVE,PAS817','2017-06-13 22:14:49','2017-06-14 06:45:49',4),(55,2,'2017-01-21',-65.42,-100.42,-35.00,'BEA   NR:CT361875 21.01.17/16.34 OLIVES AND MORE AMSTERDA,PAS817','2017-06-13 22:14:49','2017-07-25 09:38:57',2),(56,2,'2017-01-21',-100.42,-103.67,-3.25,'BEA   NR:6BZB32   21.01.17/16.39 Parkeren 13603 A\'dam AMS,PAS817','2017-06-13 22:14:49','2017-06-14 07:29:06',8),(57,2,'2017-01-22',-103.67,-126.17,-22.50,'BEA   NR:7HJ6L4   22.01.17/14.33 COBRA MUSEUM AMSTELVEEN ,PAS817','2017-06-13 22:14:49','2017-07-25 09:59:08',9),(58,2,'2017-01-22',-126.17,-133.67,-7.50,'BEA   NR:CT458360 22.01.17/16.29 CCV*SMIDTJES SOUVENIRS A,PAS817','2017-06-13 22:14:49','2017-07-25 09:59:02',18),(59,2,'2017-01-22',-133.67,-211.67,-78.00,'BEA   NR:78971601 22.01.17/16.47 CAMPER AMSTERDAM AMSTERD,PAS817','2017-06-13 22:14:49','2017-07-25 09:58:42',18),(60,2,'2017-01-22',-211.67,-539.67,-328.00,'BEA   NR:78971601 22.01.17/16.50 CAMPER AMSTERDAM AMSTERD,PAS817','2017-06-13 22:14:49','2017-07-25 09:58:49',18),(61,2,'2017-01-23',-539.67,-544.22,-4.55,'BEA   NR:NXC569   23.01.17/09.14 The Coffee Company AMSTE,PAS817','2017-06-13 22:14:49','2017-07-25 09:48:53',4),(62,2,'2017-01-23',-544.22,-552.11,-7.89,'BEA   NR:CT448382 23.01.17/09.25 CCV*APOTHEEK MIDDENWEG A,PAS817','2017-06-13 22:14:49','2017-07-25 09:59:47',17),(63,2,'2017-01-23',-552.11,-557.36,-5.25,'BEA   NR:FM560P   23.01.17/12.09 We Canteen B.V. EINDHOVE,PAS817','2017-06-13 22:14:49','2017-06-14 06:45:49',4),(64,2,'2017-01-23',-557.36,-585.75,-28.39,'SEPA Incasso algemeen doorlopend Incassant: NL13ZZZ332005960000  Naam: INT CARD SERVICES          Machtiging: E048067930015001    Omschrijving: Incasso jan 2017 b etreffende uw creditcard ICS-klantnummer 48067930015             IBAN: NL23ABNA0818769483        Kenmerk: 02949CI001064870','2017-06-13 22:14:49','2017-06-13 22:14:49',1),(65,2,'2017-01-24',-585.75,3560.73,4146.48,'SEPA Overboeking                 IBAN: NL77DEUT0265172268        BIC: DEUTNL2AXXX                 Naam: AUTOMATIC DATA PROCESSING LTD                              Omschrijving: SALARIES JAN 2017 TOMTOM INTERN. BV                Kenmerk: 54238049','2017-06-13 22:14:49','2017-06-16 20:27:32',12),(66,2,'2017-01-24',3560.73,3553.23,-7.50,'BEA   NR:AL056403 24.01.17/09.41 CCV*VIVANT DE EINDHALT A,PAS817','2017-06-13 22:14:49','2017-07-25 10:00:06',14),(67,2,'2017-01-24',3553.23,3549.48,-3.75,'BEA   NR:JWM26F   24.01.17/09.57 CoffeeCompany ODE AMSTER,PAS817','2017-06-13 22:14:49','2017-06-14 07:25:26',4),(68,2,'2017-01-24',3549.48,3541.93,-7.55,'BEA   NR:FM560P   24.01.17/12.33 We Canteen B.V. EINDHOVE,PAS817','2017-06-13 22:14:49','2017-06-14 06:45:49',4),(69,2,'2017-01-25',3541.93,3533.83,-8.10,'BEA   NR:2C751M   25.01.17/12.10 We Canteen B.V. EINDHOVE,PAS817','2017-06-13 22:14:49','2017-06-14 06:45:49',4),(70,2,'2017-01-25',3533.83,3532.04,-1.79,'ABN AMRO Bank N.V.               Standby Serv.               0,83Debit card                  0,79 VAT                         0,17','2017-06-13 22:14:49','2017-06-13 22:14:49',1),(71,2,'2017-01-26',3532.04,3522.04,-10.00,'BEA   NR:AL056403 26.01.17/09.25 CCV*VIVANT DE EINDHALT A,PAS817','2017-06-13 22:14:49','2017-07-25 10:00:10',14),(72,2,'2017-01-26',3522.04,3514.54,-7.50,'BEA   NR:15BPS6   26.01.17/09.34 VOMAR CRUQ AMSTERDAM,PAS817','2017-06-13 22:14:49','2017-06-14 06:44:10',2),(73,2,'2017-01-26',3514.54,3510.79,-3.75,'BEA   NR:JWM26F   26.01.17/09.45 CoffeeCompany ODE AMSTER,PAS817','2017-06-13 22:14:49','2017-06-14 07:25:26',4),(74,2,'2017-01-26',3510.79,3506.29,-4.50,'BEA   NR:FM560P   26.01.17/12.13 We Canteen B.V. EINDHOVE,PAS817','2017-06-13 22:14:49','2017-06-14 06:45:49',4),(75,2,'2017-01-26',3506.29,3217.82,-288.47,'SEPA Incasso algemeen doorlopend Incassant: NL79ZZZ330305200000  Naam: INTERBANK NV               Machtiging: 757039723-01        Omschrijving: AUTOMATISCHE INCAS 0757039723                      IBAN: NL63ABNA0540306304         Kenmerk: 7014161                Voor: JF SANTIAGO NUNEZ','2017-06-13 22:14:49','2017-07-25 10:21:46',8),(76,2,'2017-01-27',3217.82,3157.82,-60.00,'SEPA Incasso algemeen doorlopend Incassant: NL35ZZZ273653230000  Naam: BELASTINGDIENST            Machtiging: 007505033           Omschrijving: 23-NHJ-7                            10-01-2017 t/m 09-02-2017          MEER INFO WW W.BELASTINGDIENST.NL            IBAN: NL86INGB0002445588','2017-06-13 22:14:49','2017-06-13 22:14:49',1),(77,2,'2017-01-27',3157.82,3154.07,-3.75,'BEA   NR:JWM26F   27.01.17/09.41 CoffeeCompany ODE AMSTER,PAS817','2017-06-13 22:14:49','2017-06-14 07:25:26',4),(78,2,'2017-01-27',3154.07,3145.97,-8.10,'BEA   NR:FM560P   27.01.17/12.00 We Canteen B.V. EINDHOVE,PAS817','2017-06-13 22:14:49','2017-06-14 06:45:49',4),(79,2,'2017-01-28',3145.97,645.97,-2500.00,'SEPA Periodieke overb.           IBAN: NL42ABNA0576877913        BIC: ABNANL2A                    Naam: JF SANTIAGO NUNEZ CJ      Omschrijving: Contribucion comun','2017-06-13 22:14:49','2017-06-13 22:14:49',1),(80,2,'2017-01-28',645.97,638.47,-7.50,'BEA   NR:05H93M   28.01.17/18.39 ALBERT HEIJN 1009 AMSTER,PAS817','2017-06-13 22:14:49','2017-07-25 10:17:22',14),(81,2,'2017-01-28',638.47,580.47,-58.00,'BEA   NR:PX3T76   28.01.17/22.23 Smoking\' Barrels AMSTERD,PAS817','2017-06-13 22:14:49','2017-07-25 09:49:13',9),(82,2,'2017-01-29',580.47,569.47,-11.00,'BEA   NR:78971601 29.01.17/12.35 CAMPER AMSTERDAM AMSTERD,PAS817','2017-06-13 22:14:49','2017-07-25 10:00:42',18),(83,2,'2017-01-29',569.47,564.47,-5.00,'BEA   NR:XT711N   29.01.17/13.23 BRANDMEESTER\'S B.V. AMST,PAS817','2017-06-13 22:14:49','2017-07-25 09:49:24',9),(84,2,'2017-01-29',564.47,524.47,-40.00,'GEA   NR:006189   29.01.17/14.16 ING AMSTERDAM,PAS817','2017-06-13 22:14:49','2017-06-13 22:14:49',1),(85,2,'2017-01-30',524.47,513.40,-11.07,'SEPA Incasso algemeen doorlopend Incassant: NL06ZZZ412165930000  Naam: WATERNET                   Machtiging: 00005133670001261708Omschrijving: Jaar:2016 Termijn: 31-01-2017, biljetnr 17088990  , Waterschapsbelastingen          IBAN: NL97NWAB0636750310        Kenmerk: 4007140017088990','2017-06-13 22:14:49','2017-07-25 10:20:38',22),(86,2,'2017-01-30',513.40,391.40,-122.00,'SEPA Incasso algemeen doorlopend Incassant: NL48ZZZ280860070000  Naam: KUNSTHUIZEN HOLDING B.V.   Machtiging: 9343.509.217622     Omschrijving: Spaar = Eur 183    IBAN: NL24RABO0335563945        Kenmerk: SDD.KhDelft5152.5152199 67','2017-06-13 22:14:49','2017-07-25 10:29:47',10),(87,2,'2017-01-30',391.40,384.48,-6.92,'SEPA Incasso algemeen doorlopend Incassant: NL98ZZZ040234080000  Naam: UNIGARANT NV               Machtiging: M11533955           Omschrijving: RCUR 1107000055591 244PVOR 2017-01-28 / 2017-02-27Polisnr: P10184555Doorlopende Fie ts                              IBAN: NL86INGB0000476100','2017-06-13 22:14:49','2017-07-25 10:34:14',10),(88,2,'2017-01-30',384.48,377.98,-6.50,'BEA   NR:AL056403 30.01.17/09.22 CCV*VIVANT DE EINDHALT A,PAS817','2017-06-13 22:14:49','2017-07-25 10:01:17',14),(89,2,'2017-01-30',377.98,366.33,-11.65,'BEA   NR:CT454881 30.01.17/12.43 CCV*VAP NEDERLAND BV AMS,PAS817','2017-06-13 22:14:49','2017-07-25 10:01:32',4),(90,2,'2017-01-31',366.33,362.58,-3.75,'BEA   NR:JWM26F   31.01.17/09.50 CoffeeCompany ODE AMSTER,PAS817','2017-06-13 22:14:49','2017-06-14 07:25:26',4),(91,2,'2017-01-31',362.58,350.93,-11.65,'BEA   NR:CT454881 31.01.17/12.53 CCV*VAP NEDERLAND BV AMS,PAS817','2017-06-13 22:14:49','2017-07-25 10:01:36',4),(92,2,'2017-01-31',350.93,345.13,-5.80,'BEA   NR:JWM26F   31.01.17/12.55 CoffeeCompany ODE AMSTER,PAS817','2017-06-13 22:14:49','2017-06-14 07:25:26',4),(93,2,'2017-02-01',345.13,183.63,-161.50,'SEPA Incasso algemeen doorlopend Incassant: NL18ZZZ410952220000  Naam: CZ Groep Zorgverzekeraar   Machtiging: 713637587001001001  Omschrijving: kenmerk 1072801177 829830 Rel.nr. 713637587 Periode 01-02-2017/28-02-2017 CZ Zorgve rzekering -  -                  IBAN: NL85INGB0668339063','2017-06-13 22:14:49','2017-06-14 07:23:52',6),(94,2,'2017-02-01',183.63,119.91,-63.72,'SEPA Incasso algemeen doorlopend Incassant: NL21ZZZ330520730000  Naam: OHRA SCHADEVERZEKERINGEN   Machtiging: 000000000002163168  Omschrijving: Relatienr: 7465502  / Vlgnr:    28 / Periode t/m februari 2017                      IBAN: NL98INGB0002712510        Kenmerk: DEB5217465502000028','2017-06-13 22:14:49','2017-06-14 07:21:59',5),(95,2,'2017-02-01',119.91,112.41,-7.50,'BEA   NR:PQ3Y3Q   01.02.17/09.38 Tabakshop Linnaeus AMSTE,PAS817','2017-06-13 22:14:49','2017-07-25 10:01:41',14),(96,2,'2017-02-01',112.41,108.66,-3.75,'BEA   NR:JWM26F   01.02.17/09.56 CoffeeCompany ODE AMSTER,PAS817','2017-06-13 22:14:49','2017-06-14 07:25:26',4),(97,2,'2017-02-01',108.66,102.46,-6.20,'BEA   NR:2C751M   01.02.17/12.12 We Canteen B.V. EINDHOVE,PAS817','2017-06-13 22:14:49','2017-06-14 06:45:49',4),(98,2,'2017-02-01',102.46,46.53,-55.93,'SEPA Incasso algemeen doorlopend Incassant: NL81ZZZ300762840000  Naam: SANTANDER CF BENELUX BV    Machtiging: DUR23383704420161207124710                           Omschrijving: 23-3837044        IBAN: NL22ABNA0487710150         Kenmerk: FRST20170120000327121000-233837044A','2017-06-13 22:14:49','2017-07-25 10:34:17',10),(99,2,'2017-02-02',46.53,45.36,-1.17,'ACCOUNT-BALANCED    31.01        DEBIT  INTEREST            1,17D','2017-06-13 22:14:49','2017-06-13 22:14:49',1),(100,2,'2017-02-03',45.36,34.36,-11.00,'SEPA Incasso algemeen doorlopend Incassant: NL77ZZZ040532290000  Naam: AAP VERZEKERINGEN BV       Machtiging: 46585               Omschrijving: Voordeelabonnement  februari 2017                  IBAN: NL81INGB0672137461         Kenmerk: 0201702000314519','2017-06-13 22:14:49','2017-06-14 07:24:45',5),(101,2,'2017-02-03',34.36,26.86,-7.50,'BEA   NR:PQ3Y3Q   03.02.17/09.32 Tabakshop Linnaeus AMSTE,PAS817','2017-06-13 22:14:49','2017-07-25 10:01:49',14),(102,2,'2017-02-03',26.86,23.11,-3.75,'BEA   NR:JWM26F   03.02.17/09.48 CoffeeCompany ODE AMSTER,PAS817','2017-06-13 22:14:49','2017-06-14 07:25:26',4),(103,2,'2017-02-03',23.11,11.09,-12.02,'BEA   NR:37BS7R   03.02.17/13.08 VAP Ode Amsterdam AMSTER,PAS817','2017-06-13 22:14:49','2017-07-25 10:01:52',4),(104,2,'2017-02-03',11.09,-38.91,-50.00,'SEPA Overboeking                 IBAN: NL43ABNA0446175439        BIC: ABNANL2A                    Naam: ZV ZALEZNICENKA CJ','2017-06-13 22:14:49','2017-06-13 22:14:49',1),(105,2,'2017-02-03',-38.91,261.09,300.00,'SEPA Overboeking                 IBAN: NL42ABNA0400621347        BIC: ABNANL2A                    Naam: JF SANTIAGO NUNEZ         Omschrijving: cubrir saldo','2017-06-13 22:14:49','2017-06-16 20:15:58',11),(106,2,'2017-02-05',261.09,240.09,-21.00,'BEA   NR:0JH953   05.02.17/10.11 Stadsdeel Zuid AMSTERDAM,PAS817','2017-06-13 22:14:49','2017-06-13 22:14:49',1),(107,2,'2017-02-05',240.09,232.59,-7.50,'BEA   NR:0FZ009   05.02.17/12.48 Vomar Middenweg AMSTERDA,PAS817','2017-06-13 22:14:49','2017-07-25 10:17:25',14),(108,2,'2017-02-06',232.59,224.59,-8.00,'SEPA Incasso algemeen doorlopend Incassant: NL28ZZZ343323620000  Naam: SUBBACULTCHA VOF           Machtiging: 1405                Omschrijving: Subbacultcha Feb 2 017                             IBAN: NL89INGB0006524772         Kenmerk: D20170202-1147112441-24757399098309','2017-06-13 22:14:49','2017-06-14 07:31:01',9),(109,2,'2017-02-06',224.59,216.49,-8.10,'BEA   NR:2C751M   06.02.17/12.52 We Canteen B.V. EINDHOVE,PAS817','2017-06-13 22:14:49','2017-06-14 06:45:49',4),(110,2,'2017-02-07',216.49,208.99,-7.50,'BEA   NR:AL056403 07.02.17/09.38 CCV*VIVANT DE EINDHALT A,PAS817','2017-06-13 22:14:49','2017-07-25 10:02:20',14),(111,2,'2017-02-07',208.99,200.89,-8.10,'BEA   NR:FM560P   07.02.17/12.50 We Canteen B.V. EINDHOVE,PAS817','2017-06-13 22:14:49','2017-06-14 06:45:49',4),(112,2,'2017-02-08',200.89,197.14,-3.75,'BEA   NR:JWM26F   08.02.17/09.37 CoffeeCompany ODE AMSTER,PAS817','2017-06-13 22:14:49','2017-06-14 07:25:26',4),(113,2,'2017-02-08',197.14,189.04,-8.10,'BEA   NR:2C751M   08.02.17/12.06 We Canteen B.V. EINDHOVE,PAS817','2017-06-13 22:14:49','2017-06-14 06:45:49',4),(114,2,'2017-02-08',189.04,89.04,-100.00,'GEA   NR:S1K459   08.02.17/17.45 MIDDENWEG 10 AMSTERDAM,PAS817','2017-06-13 22:14:49','2017-06-13 22:14:49',1),(115,2,'2017-02-09',89.04,81.54,-7.50,'BEA   NR:0FZ009   09.02.17/10.19 Vomar Middenweg AMSTERDA,PAS817','2017-06-13 22:14:49','2017-07-25 10:17:27',14),(116,2,'2017-02-09',81.54,-451.45,-532.99,'BEA   NR:CT389396 09.02.17/11.57 CCV*BMW AMSTERDAM AMSTER,PAS817','2017-06-13 22:14:49','2017-06-14 07:27:28',7),(117,2,'2017-02-09',-451.45,-462.65,-11.20,'BEA   NR:5WXM01   09.02.17/12.50 NS-A\'dam Z. WTC201 AMSTE,PAS817','2017-06-13 22:14:49','2017-07-25 10:30:43',9),(118,2,'2017-02-09',-462.65,-466.90,-4.25,'BEA   NR:99316902 09.02.17/13.42 HMSHOST DEN HAAG CS DEN ,PAS817','2017-06-13 22:14:50','2017-07-25 10:30:46',9),(119,2,'2017-02-09',-466.90,-474.40,-7.50,'BEA   NR:94S671   09.02.17/21.13 ALBERT HEIJN 1495 \'S-GRA,PAS817','2017-06-13 22:14:50','2017-07-25 10:17:30',14),(120,2,'2017-02-10',-474.40,-477.90,-3.50,'BEA   NR:KBC114   10.02.17/17.10 HTM PERSONENVERVOER \'S-G,PAS817','2017-06-13 22:14:50','2017-07-25 10:30:49',9),(121,2,'2017-02-10',-477.90,-490.40,-12.50,'BEA   NR:BB38RX   10.02.17/17.16 NS-Den Haag C.210 \'S-GRA,PAS817','2017-06-13 22:14:50','2017-07-25 10:30:53',9),(122,2,'2017-02-12',-490.40,-497.90,-7.50,'BEA   NR:6M05HX   12.02.17/12.27 Albert Heijn 1436 AMSTER,PAS817','2017-06-13 22:14:50','2017-07-25 10:17:33',14),(123,2,'2017-02-12',-497.90,-525.88,-27.98,'BEA   NR:RN4D74   12.02.17/12.31 Marqt Linnaeusstraat AMS,PAS817','2017-06-13 22:14:50','2017-06-14 07:33:44',2),(124,2,'2017-02-12',-525.88,-526.88,-1.00,'BEA   NR:CT409817 12.02.17/12.34 Q PARK OOSTPOORT AMSTERD,PAS817','2017-06-13 22:14:50','2017-07-25 09:40:37',8),(125,2,'2017-02-12',-526.88,-529.48,-2.60,'BEA   NR:0NXP8F   12.02.17/16.29 LUNCHROOM LASTIG AMSTERD,PAS817','2017-06-13 22:14:50','2017-07-25 09:49:48',9),(126,2,'2017-02-12',-529.48,-536.92,-7.44,'BEA   NR:KY8T05   12.02.17/16.35 ETOS 7267 AMSTERDAM,PAS817','2017-06-13 22:14:50','2017-07-25 09:41:00',2),(127,2,'2017-02-12',-536.92,-538.51,-1.59,'BEA   NR:6KJ9P9   12.02.17/17.00 Albert Heijn 1436 AMSTER,PAS817','2017-06-13 22:14:50','2017-06-14 06:00:54',2),(128,2,'2017-02-13',-538.51,-542.26,-3.75,'BEA   NR:JWM26F   13.02.17/09.55 CoffeeCompany ODE AMSTER,PAS817','2017-06-13 22:14:50','2017-06-14 07:25:26',4),(129,2,'2017-02-13',-542.26,-550.36,-8.10,'BEA   NR:2C751M   13.02.17/12.23 We Canteen B.V. EINDHOVE,PAS817','2017-06-13 22:14:50','2017-06-14 06:45:49',4),(130,2,'2017-02-14',-550.36,-750.36,-200.00,'GEA   NR:S1M417   14.02.17/12.33 VERTREKHAL 1 LOUNGE 1 SC,PAS817','2017-06-13 22:14:50','2017-07-25 10:03:12',15),(131,2,'2017-02-14',-750.36,-762.66,-12.30,'BEA   NR:80482137 14.02.17/12.56 HMSHOST AMSTERDAM SCHI S,PAS817','2017-06-13 22:14:50','2017-07-25 10:03:17',15),(132,2,'2017-02-15',-762.66,-223.66,539.00,'SEPA Overboeking                 IBAN: NL36INGB0003445588        BIC: INGBNL2A                    Naam: BELASTINGDIENST           Omschrijving: MAAND FEB. NR. 231 555714H7001      IB/PVV 2017       (SANTIAGO NUN)                Kenmerk: 20170210019397342','2017-06-13 22:14:50','2017-07-25 10:30:59',23),(133,2,'2017-02-16',-223.66,-236.46,-12.80,'BEA   NR:04403006 16.02.17/18.26 HORCHATERIA DANIEL SL AL,PAS817','2017-06-13 22:14:50','2017-07-25 10:02:58',15),(134,2,'2017-02-16',-236.46,-246.95,-10.49,'BEA   NR:09810075 16.02.17/18.59 MERCADONA C CISCAR VALEN,PAS817','2017-06-13 22:14:50','2017-07-25 10:03:02',15),(135,2,'2017-02-17',-246.95,-256.94,-9.99,'SEPA Incasso algemeen doorlopend Incassant: NL74ZZZ342764500017  Naam: SPOTIFY BY ADYEN           Machtiging: 1314818195521278    Omschrijving: SpotifyNL P01B15B8 E9                              IBAN: NL48ABNA0502830042         Kenmerk: C1514871763550946C     Voor: JF SANTIAGO NUNEZ','2017-06-13 22:14:50','2017-06-13 22:14:50',1),(136,2,'2017-02-18',-256.94,-306.84,-49.90,'BEA   NR:32238653 18.02.17/11.45 INTIMISSIMI VALENCIA VAL,PAS817','2017-06-13 22:14:50','2017-07-25 10:03:36',18),(137,2,'2017-02-18',-306.84,-361.74,-54.90,'BEA   NR:07758838 18.02.17/13.19 FUTURAMA VALENCIA,PAS817','2017-06-13 22:14:50','2017-07-25 10:03:46',18),(138,2,'2017-02-18',-306.84,-361.74,-54.90,'BEA   NR:07758838 18.02.17/13.20 FUTURAMA VALENCIA,PAS817','2017-06-13 22:14:50','2017-07-25 10:03:54',18),(139,2,'2017-02-18',-361.74,-368.94,-7.20,'BEA   NR:09810075 18.02.17/19.11 MERCADONA C CISCAR VALEN,PAS817','2017-06-13 22:14:50','2017-07-25 10:04:05',15),(140,2,'2017-02-19',-368.94,-376.94,-8.00,'BEA   NR:32725144 19.02.17/20.31 RESTAURANTE ITALIANO I V,PAS817','2017-06-13 22:14:50','2017-07-25 10:04:08',15),(141,2,'2017-02-20',-376.94,-433.84,-56.90,'BEA   NR:97335601 20.02.17/16.22 WDFG VALENCIA VALENCIA,PAS817','2017-06-13 22:14:50','2017-07-25 10:04:14',15),(142,2,'2017-02-21',-433.84,-437.59,-3.75,'BEA   NR:JWM26F   21.02.17/09.54 CoffeeCompany ODE AMSTER,PAS817','2017-06-13 22:14:50','2017-06-14 07:25:26',4),(143,2,'2017-02-21',-437.59,-2571.01,-2133.42,'SEPA Incasso algemeen doorlopend Incassant: NL13ZZZ332005960000  Naam: INT CARD SERVICES          Machtiging: E048067930015001    Omschrijving: Incasso feb 2017 b etreffende uw creditcard ICS-klantnummer 48067930015             IBAN: NL23ABNA0818769483        Kenmerk: 02972CI001026095','2017-06-13 22:14:50','2017-06-13 22:14:50',1),(144,2,'2017-02-22',-2571.01,-2579.11,-8.10,'BEA   NR:FM560P   22.02.17/12.10 We Canteen B.V. EINDHOVE,PAS817','2017-06-13 22:14:50','2017-06-14 06:45:49',4),(145,2,'2017-02-22',-2579.11,-2581.16,-2.05,'BEA   NR:2C751M   22.02.17/14.45 We Canteen B.V. EINDHOVE,PAS817','2017-06-13 22:14:50','2017-06-14 06:45:49',4),(146,2,'2017-02-23',-2581.16,-2589.26,-8.10,'BEA   NR:FM560P   23.02.17/12.19 We Canteen B.V. EINDHOVE,PAS817','2017-06-13 22:14:50','2017-06-14 06:45:49',4),(147,2,'2017-02-23',-2589.26,-2591.05,-1.79,'ABN AMRO Bank N.V.               Standby Serv.               0,83Debit card                  0,79 VAT                         0,17','2017-06-13 22:14:50','2017-06-13 22:14:50',1),(148,2,'2017-02-24',-2591.05,1555.43,4146.48,'SEPA Overboeking                 IBAN: NL77DEUT0265172268        BIC: DEUTNL2AXXX                 Naam: AUTOMATIC DATA PROCESSING LTD                              Omschrijving: SALARIES FEB 2017 TOMTOM INTERN. BV                Kenmerk: 54494353','2017-06-13 22:14:50','2017-06-16 20:27:32',12),(149,2,'2017-02-24',1555.43,1542.78,-12.65,'BEA   NR:CT454881 24.02.17/12.58 CCV*VAP NEDERLAND BV AMS,PAS817','2017-06-13 22:14:50','2017-07-25 10:04:32',4),(150,2,'2017-02-24',1542.78,1672.73,129.95,'SEPA Overboeking                 IBAN: NL28BOFA0266546005        BIC: BOFANLNX                    Naam: TOMTOM INTERNATIONAL B.V. Omschrijving: 152298             Kenmerk: 8000245984','2017-06-13 22:14:50','2017-06-13 22:14:50',1),(151,2,'2017-02-25',1672.73,1669.73,-3.00,'BEA   NR:6BZB32   25.02.17/11.27 Parkeren 13603 A\'dam AMS,PAS817','2017-06-13 22:14:50','2017-06-14 07:29:06',8),(152,2,'2017-02-25',1669.73,1600.24,-69.49,'BEA   NR:RN4D74   25.02.17/11.36 Marqt Linnaeusstraat AMS,PAS817','2017-06-13 22:14:50','2017-06-14 07:33:44',2),(153,2,'2017-02-26',1600.24,1578.99,-21.25,'BEA   NR:G386K1   26.02.17/14.23 Restaurant Cascade AMSTE,PAS817','2017-06-13 22:14:50','2017-07-25 09:50:12',9),(154,2,'2017-02-27',1578.99,1456.99,-122.00,'SEPA Incasso algemeen doorlopend Incassant: NL48ZZZ280860070000  Naam: KUNSTHUIZEN HOLDING B.V.   Machtiging: 9343.509.217622     Omschrijving: Spaar = Eur 244    IBAN: NL24RABO0335563945        Kenmerk: SDD.KhDelft5192.5192212 67','2017-06-13 22:14:50','2017-07-25 10:22:10',10),(155,2,'2017-02-27',1456.99,1395.99,-61.00,'SEPA Incasso algemeen doorlopend Incassant: NL35ZZZ273653230000  Naam: BELASTINGDIENST            Machtiging: 007505033           Omschrijving: 23-NHJ-7                            10-02-2017 t/m 09-03-2017          MEER INFO WW W.BELASTINGDIENST.NL            IBAN: NL86INGB0002445588','2017-06-13 22:14:50','2017-07-25 10:31:39',8),(156,2,'2017-02-27',1395.99,1303.29,-92.70,'SEPA Incasso algemeen doorlopend Incassant: NL89DBA343669660000  Naam: Gemeente Amsterdam Belasti ngen                            Machtiging: 97880                Omschrijving: Aanslagnummer:000000000000040086277 Gecomb aanslag  2017 Amsterdam Restbedrag eur 648,89','2017-06-13 22:14:50','2017-07-25 10:33:39',22),(157,2,'2017-02-27',1303.29,1297.19,-6.10,'BEA   NR:009W64   27.02.17/12.28 We Canteen B.V. EINDHOVE,PAS817','2017-06-13 22:14:50','2017-06-14 06:45:49',4),(158,2,'2017-02-27',1297.19,1008.72,-288.47,'SEPA Incasso algemeen doorlopend Incassant: NL79ZZZ330305200000  Naam: INTERBANK NV               Machtiging: 757039723-01        Omschrijving: AUTOMATISCHE INCAS 0757039723                      IBAN: NL63ABNA0540306304         Kenmerk: 7200451                Voor: JF SANTIAGO NUNEZ','2017-06-13 22:14:50','2017-07-25 10:22:27',8),(159,2,'2017-02-27',1008.72,2508.72,1500.00,'SEPA Overboeking                 IBAN: NL42ABNA0400621347        BIC: ABNANL2A                    Naam: JF SANTIAGO NUNEZ         Omschrijving: cubrir saldo','2017-06-13 22:14:50','2017-06-16 20:15:58',11),(160,2,'2017-02-28',2508.72,2500.72,-8.00,'SEPA Incasso algemeen doorlopend Incassant: NL28ZZZ343323620000  Naam: SUBBACULTCHA VOF           Machtiging: 1405                Omschrijving: Subbacultcha March  2017                           IBAN: NL89INGB0006524772         Kenmerk: D20170224-8251292214-33979017134659','2017-06-13 22:14:50','2017-06-14 07:31:01',9),(161,2,'2017-02-28',2500.72,2493.80,-6.92,'SEPA Incasso algemeen doorlopend Incassant: NL98ZZZ040234080000  Naam: UNIGARANT NV               Machtiging: M11533955           Omschrijving: RCUR 8107000056391 545PVOR 2017-02-28 / 2017-03-27Polisnr: P10184555Doorlopende Fie ts                              IBAN: NL86INGB0000476100','2017-06-13 22:14:50','2017-07-25 10:33:51',10),(162,2,'2017-02-28',2493.80,-6.20,-2500.00,'SEPA Periodieke overb.           IBAN: NL42ABNA0576877913        BIC: ABNANL2A                    Naam: JF SANTIAGO NUNEZ CJ      Omschrijving: Contribucion comun','2017-06-13 22:14:50','2017-06-13 22:14:50',1),(163,2,'2017-02-28',-6.20,-12.35,-6.15,'BEA   NR:009W64   28.02.17/12.32 We Canteen B.V. EINDHOVE,PAS817','2017-06-13 22:14:50','2017-06-14 06:45:49',4),(164,2,'2017-02-28',-12.35,687.65,700.00,'SEPA Overboeking                 IBAN: NL42ABNA0400621347        BIC: ABNANL2A                    Naam: JF SANTIAGO NUNEZ         Omschrijving: deuda','2017-06-13 22:14:50','2017-06-16 20:15:58',11),(165,2,'2017-02-28',687.65,251.19,-436.46,'SEPA Acceptgirobetaling          IBAN: NL97ABNA0627000800        BIC: ABNANL2A                    Naam: FAMED BV                  Betalingskenm.: 8998887030912810','2017-06-13 22:14:50','2017-06-13 22:14:50',1),(166,2,'2017-03-01',251.19,89.69,-161.50,'SEPA Incasso algemeen doorlopend Incassant: NL18ZZZ410952220000  Naam: CZ Groep Zorgverzekeraar   Machtiging: 713637587001001001  Omschrijving: kenmerk 1072502179 941157 Rel.nr. 713637587 Periode 01-03-2017/31-03-2017 CZ Zorgve rzekering -  -                  IBAN: NL85INGB0668339063','2017-06-13 22:14:50','2017-06-14 07:23:52',6),(167,2,'2017-03-01',89.69,25.97,-63.72,'SEPA Incasso algemeen doorlopend Incassant: NL21ZZZ330520730000  Naam: OHRA SCHADEVERZEKERINGEN   Machtiging: 000000000002163168  Omschrijving: Relatienr: 7465502  / Vlgnr:    29 / Periode t/m maart 2017                         IBAN: NL98INGB0002712510        Kenmerk: DEB3217465502000029','2017-06-13 22:14:50','2017-06-14 07:21:59',5),(168,2,'2017-03-01',25.97,-29.40,-55.37,'SEPA Incasso algemeen doorlopend Incassant: NL18ZZZ410952220000  Naam: CZ Groep Zorgverzekeraar   Machtiging: 713637587001001001  Omschrijving: kenmerk 8072502179 941158 Rel.nr. 713637587 ZBZ.11022017.00.7430 -  -               IBAN: NL85INGB0668339063        Kenmerk: SDD0077001892','2017-06-13 22:14:50','2017-06-14 07:23:52',6),(169,2,'2017-03-01',-29.40,-40.47,-11.07,'SEPA Incasso algemeen doorlopend Incassant: NL06ZZZ412165930000  Naam: WATERNET                   Machtiging: 00005133670001261708Omschrijving: Jaar:2016 Termijn: 28-02-2017, biljetnr 17088990  , Waterschapsbelastingen          IBAN: NL97NWAB0636750310        Kenmerk: 3008160017088990','2017-06-13 22:14:50','2017-07-25 10:22:40',22),(170,2,'2017-03-01',-40.47,-44.22,-3.75,'BEA   NR:JWM26F   01.03.17/09.20 CoffeeCompany ODE AMSTER,PAS817','2017-06-13 22:14:50','2017-06-14 07:25:26',4),(171,2,'2017-03-01',-44.22,-52.32,-8.10,'BEA   NR:2C751M   01.03.17/12.15 We Canteen B.V. EINDHOVE,PAS817','2017-06-13 22:14:50','2017-06-14 06:45:49',4),(172,2,'2017-03-01',-52.32,-108.25,-55.93,'SEPA Incasso algemeen doorlopend Incassant: NL81ZZZ300762840000  Naam: SANTANDER CF BENELUX BV    Machtiging: DUR23383704420161207124710                           Omschrijving: 23-3837044        IBAN: NL22ABNA0487710150         Kenmerk: RCUR20170224003520044000-233837044A','2017-06-13 22:14:50','2017-06-13 22:14:50',1),(173,2,'2017-03-02',-108.25,-111.75,-3.50,'ACCOUNT-BALANCED    28.02        DEBIT  INTEREST            3,50D','2017-06-13 22:14:50','2017-06-13 22:14:50',1),(174,2,'2017-03-02',-111.75,-117.50,-5.75,'BEA   NR:2C751M   02.03.17/12.05 We Canteen B.V. EINDHOVE,PAS817','2017-06-13 22:14:50','2017-06-14 06:45:49',4),(175,2,'2017-03-03',-117.50,-128.50,-11.00,'SEPA Incasso algemeen doorlopend Incassant: NL77ZZZ040532290000  Naam: AAP VERZEKERINGEN BV       Machtiging: 46585               Omschrijving: Voordeelabonnement  maart 2017                     IBAN: NL81INGB0672137461         Kenmerk: 0201703000319393','2017-06-13 22:14:50','2017-06-14 07:24:45',5),(176,2,'2017-03-03',-128.50,-132.25,-3.75,'BEA   NR:JWM26F   03.03.17/09.32 CoffeeCompany ODE AMSTER,PAS817','2017-06-13 22:14:50','2017-06-14 07:25:26',4),(177,2,'2017-03-03',-132.25,-139.80,-7.55,'BEA   NR:009W64   03.03.17/12.51 We Canteen B.V. EINDHOVE,PAS817','2017-06-13 22:14:50','2017-06-14 06:45:49',4),(178,2,'2017-03-06',-139.80,-146.85,-7.05,'BEA   NR:2C751M   06.03.17/12.05 We Canteen B.V. EINDHOVE,PAS817','2017-06-13 22:14:50','2017-06-14 06:45:49',4),(179,2,'2017-03-07',-146.85,-154.90,-8.05,'BEA   NR:FM560P   07.03.17/12.21 We Canteen B.V. AMSTERDA,PAS817','2017-06-13 22:14:50','2017-06-14 06:45:49',4),(180,2,'2017-03-07',-154.90,-162.40,-7.50,'BEA   NR:M275PK   07.03.17/17.57 ALBERT HEIJN 1587 AMSTER,PAS817','2017-06-13 22:14:50','2017-07-25 10:17:40',14),(181,2,'2017-03-09',-162.40,-172.50,-10.10,'BEA   NR:009W64   09.03.17/12.28 We Canteen B.V. AMSTERDA,PAS817','2017-06-13 22:14:50','2017-06-14 06:45:49',4),(182,2,'2017-03-09',-172.50,-180.00,-7.50,'BEA   NR:10031412 09.03.17/18.16 TEXACO AMSTERDAM AMSTERD,PAS817','2017-06-13 22:14:50','2017-06-14 07:32:37',8),(183,2,'2017-03-09',-180.00,-380.00,-200.00,'GEA   NR:S1B281   09.03.17/18.22 SUMATRASTR 25 AMSTERDAM ,PAS817','2017-06-13 22:14:50','2017-06-13 22:14:50',1),(184,2,'2017-03-10',-380.00,-388.70,-8.70,'BEA   NR:YPL221   10.03.17/11.42 Primera Middenweg AMSTER,PAS817','2017-06-13 22:14:50','2017-07-25 10:05:43',14),(185,2,'2017-03-10',-388.70,-396.20,-7.50,'BEA   NR:0ZQ502   10.03.17/11.43 Primera Middenweg AMSTER,PAS817','2017-06-13 22:14:50','2017-07-25 10:05:47',14),(186,2,'2017-03-10',-396.20,-406.80,-10.60,'BEA   NR:80482127 10.03.17/13.53 HMSHOST AMSTERDAM SCHI S,PAS817','2017-06-13 22:14:50','2017-07-25 10:06:18',16),(187,2,'2017-03-13',-406.80,-440.82,-34.02,'BEA   NR:33208447 13.03.17/13.12 AUTOSERVICIO ARRIETA ARR,PAS817','2017-06-13 22:14:50','2017-07-25 10:06:24',16),(188,2,'2017-03-15',-440.82,98.18,539.00,'SEPA Overboeking                 IBAN: NL36INGB0003445588        BIC: INGBNL2A                    Naam: BELASTINGDIENST           Omschrijving: MAAND MRT. NR. 231 555714H7001      IB/PVV 2017       (SANTIAGO NUN)                Kenmerk: 20170310036506342','2017-06-13 22:14:50','2017-06-13 22:14:50',1),(189,2,'2017-03-16',98.18,-1.82,-100.00,'GEA   NR:72480022 16.03.17/16.24 BANKIA TEGUISE,PAS817','2017-06-13 22:14:50','2017-07-25 10:06:33',16),(190,2,'2017-03-16',-1.82,-44.03,-42.21,'BEA   NR:33208447 16.03.17/17.37 AUTOSERVICIO ARRIETA ARR,PAS817','2017-06-13 22:14:50','2017-07-25 10:06:38',16),(191,2,'2017-03-16',-44.03,55.97,100.00,'SEPA Overboeking                 IBAN: NL42ABNA0576877913        BIC: ABNANL2A                    Naam: JF SANTIAGO NUNEZ CJ','2017-06-13 22:14:50','2017-06-13 22:14:50',1),(192,2,'2017-03-17',55.97,45.98,-9.99,'/TRTP/SEPA Incasso algemeen doorlopend/CSID/NL74ZZZ342764500017/NAME/SPOTIFY BY ADYEN/MARF/1314818195521278/REMI/SpotifyNL P01E895AB2/IBAN/NL48ABNA0502830042/BIC/ABNANL2A/EREF/C1514895955522611C','2017-06-13 22:14:50','2017-06-13 22:14:50',1),(193,2,'2017-03-20',45.98,37.88,-8.10,'BEA   NR:009W64   20.03.17/13.10 We Canteen B.V. AMSTERDA,PAS817','2017-06-13 22:14:50','2017-06-14 06:45:49',4),(194,2,'2017-03-21',37.88,34.13,-3.75,'BEA   NR:JWM26F   21.03.17/09.23 CoffeeCompany ODE AMSTER,PAS817','2017-06-13 22:14:50','2017-06-14 07:25:26',4),(195,2,'2017-03-21',34.13,14.43,-19.70,'BEA   NR:HD94B1   21.03.17/12.35 Kessens AMSTERDAM,PAS817','2017-06-13 22:14:50','2017-07-25 10:06:51',9),(196,2,'2017-03-21',14.43,-1766.40,-1780.83,'/TRTP/SEPA Incasso algemeen doorlopend/CSID/NL13ZZZ332005960000/NAME/INT CARD SERVICES/MARF/E048067930015001/REMI/Incasso mrt 2017 betreffende uw creditcard ICS-klantnummer 48067930015/IBAN/NL23ABNA0818769483/BIC/ABNANL2A/EREF/02992CI001023756','2017-06-13 22:14:50','2017-06-13 22:14:50',1),(197,2,'2017-03-22',-1766.40,-1770.15,-3.75,'BEA   NR:JWM26F   22.03.17/09.45 CoffeeCompany ODE AMSTER,PAS817','2017-06-13 22:14:50','2017-06-14 07:25:26',4),(198,2,'2017-03-23',-1770.15,-1776.30,-6.15,'BEA   NR:2C751M   23.03.17/11.58 We Canteen B.V. AMSTERDA,PAS817','2017-06-13 22:14:50','2017-06-14 06:45:49',4),(199,2,'2017-03-23',-1776.30,223.70,2000.00,'/TRTP/SEPA OVERBOEKING/IBAN/NL42ABNA0400621347/BIC/ABNANL2A/NAME/JF SANTIAGO NUNEZ/REMI/deuda/EREF/NOTPROVIDED','2017-06-13 22:14:50','2017-06-16 20:15:58',11),(200,2,'2017-03-24',223.70,220.20,-3.50,'BEA   NR:NXC569   24.03.17/09.09 The Coffee Company AMSTE,PAS817','2017-06-13 22:14:50','2017-07-25 09:50:37',4),(201,2,'2017-03-24',220.20,211.50,-8.70,'BEA   NR:YPL221   24.03.17/10.02 Primera Middenweg AMSTER,PAS817','2017-06-13 22:14:50','2017-07-25 10:07:00',14),(202,2,'2017-03-24',211.50,202.80,-8.70,'BEA   NR:YPL221   24.03.17/10.20 Primera Middenweg AMSTER,PAS817','2017-06-13 22:14:50','2017-07-25 10:07:17',14),(203,2,'2017-03-24',202.80,194.70,-8.10,'BEA   NR:009W64   24.03.17/12.59 We Canteen B.V. AMSTERDA,PAS817','2017-06-13 22:14:50','2017-06-14 06:45:49',4),(204,2,'2017-03-24',194.70,7507.50,7312.80,'/TRTP/SEPA OVERBOEKING/IBAN/NL77DEUT0265172268/BIC/DEUTNL2AXXX /NAME/AUTOMATIC DATA PROCESSING LTD/REMI/SALARIES MARCH TOMTOM INTERN. BV/EREF/54678505','2017-06-13 22:14:50','2017-06-16 20:27:32',12),(205,2,'2017-03-24',7507.50,7505.71,-1.79,'ABN AMRO Bank N.V.               Standby Serv.               0,83Debit card                  0,79 VAT                         0,17','2017-06-13 22:14:50','2017-06-13 22:14:50',1),(206,2,'2017-03-25',7505.71,7485.44,-20.27,'BEA   NR:DDQ004   25.03.17/17.32 ALBERT HEIJN 1006 AMSTER,PAS817','2017-06-13 22:14:50','2017-06-14 06:00:54',2),(207,2,'2017-03-26',7485.44,7477.94,-7.50,'BEA   NR:0FZ009   26.03.17/15.45 Vomar Middenweg AMSTERDA,PAS817','2017-06-13 22:14:50','2017-07-25 10:17:43',14),(208,2,'2017-03-27',7477.94,7469.94,-8.00,'/TRTP/SEPA Incasso algemeen doorlopend/CSID/NL28ZZZ343323620000/NAME/SUBBACULTCHA VOF/MARF/1405/REMI/Subbacultcha April/IBAN/NL89INGB0006524772/BIC/INGBNL2A/EREF/D20170323-1238055712-34005495697714','2017-06-13 22:14:50','2017-06-14 07:31:01',9),(209,2,'2017-03-27',7469.94,7410.94,-59.00,'/TRTP/SEPA Incasso algemeen doorlopend/CSID/NL35ZZZ273653230000/NAME/BELASTINGDIENST/MARF/007505033/REMI/23-NHJ-7 LET OP, NIEUW TARIEF      10-03-2017 t/m 09-04-2017          MEER INFO WWW.BELASTINGDIENST.NL/IBAN/NL86INGB0002445588/BIC/INGBNL2A/EREF/20170315043158640BK3231555717870001','2017-06-13 22:14:50','2017-07-25 10:33:07',8),(210,2,'2017-03-27',7410.94,7288.94,-122.00,'/TRTP/SEPA Incasso algemeen doorlopend/CSID/NL48ZZZ280860070000/NAME/KUNSTHUIZEN HOLDING B.V./MARF/9343.509.217622/REMI/Spaar = Eur 305/IBAN/NL24RABO0335563945/BIC/RABONL2U/EREF/SDD.KhDelft5222.522221645','2017-06-13 22:14:50','2017-07-25 10:23:00',10),(211,2,'2017-03-27',7288.94,7196.24,-92.70,'/TRTP/SEPA Incasso algemeen doorlopend/CSID/NL89DBA343669660000/NAME/Gemeente Amsterdam Belastingen/MARF/97880/REMI/Aanslagnummer:000000000000040086277 Gecomb aanslag 2017 Amsterdam Restbedrag eur 556,19/IBAN/NL85INGB0004585329/BIC/INGBNL2A/EREF/0000000040086277','2017-06-13 22:14:50','2017-07-25 10:33:29',22),(212,2,'2017-03-27',7196.24,7189.83,-6.41,'BEA   NR:15BPS6   27.03.17/09.33 VOMAR CRUQ AMSTERDAM,PAS817','2017-06-13 22:14:50','2017-06-14 06:44:10',2),(213,2,'2017-03-27',7189.83,7186.08,-3.75,'BEA   NR:JWM26F   27.03.17/09.46 CoffeeCompany ODE AMSTER,PAS817','2017-06-13 22:14:50','2017-06-14 07:25:26',4),(214,2,'2017-03-27',7186.08,6897.61,-288.47,'/TRTP/SEPA Incasso algemeen doorlopend/CSID/NL79ZZZ330305200000/NAME/INTERBANK NV/MARF/757039723-01/REMI/AUTOMATISCHE INCAS0757039723/IBAN/NL63ABNA0540306304/BIC/ABNANL2A/EREF/7349166','2017-06-13 22:14:50','2017-06-13 22:14:50',1),(215,2,'2017-03-28',6897.61,6890.69,-6.92,'/TRTP/SEPA Incasso algemeen doorlopend/CSID/NL98ZZZ040234080000/NAME/UNIGARANT NV/MARF/M11533955/REMI/RCUR 1107000056904310PVOR 2017-03-28 / 2017-04-27Polisnr: P10184555Doorlopende Fiets/IBAN/NL86INGB0000476100/BIC/INGBNL2A/EREF/1107000056904310','2017-06-13 22:14:50','2017-06-13 22:14:50',1),(216,2,'2017-03-28',6890.69,4390.69,-2500.00,'/TRTP/SEPA OVERBOEKING/IBAN/NL42ABNA0576877913/BIC/ABNANL2A/NAME/JF SANTIAGO NUNEZ CJ/REMI/Contribucion comun/EREF/NOTPROVIDED','2017-06-13 22:14:50','2017-06-13 22:14:50',1),(217,2,'2017-03-29',4390.69,4258.19,-132.50,'/TRTP/SEPA Incasso algemeen doorlopend/CSID/NL08CTN343186280000/NAME/Gemeente Amsterdam Parkeerdiensten/MARF/WM3513030-01/REMI/Verlenging Bewonersvergunning 1 mei 2017 - 31 okt 2017 23NHJ7   /IBAN/NL77INGB0004876376/BIC/INGBNL2A/EREF/5211865','2017-06-13 22:14:50','2017-07-25 10:23:18',8),(218,2,'2017-03-29',4258.19,4247.74,-10.45,'BEA   NR:0ZQ502   29.03.17/09.29 Primera Middenweg AMSTER,PAS817','2017-06-13 22:14:50','2017-07-25 10:07:34',14),(219,2,'2017-03-29',4247.74,4244.14,-3.60,'BEA   NR:2C751M   29.03.17/12.10 We Canteen B.V. AMSTERDA,PAS817','2017-06-13 22:14:50','2017-06-14 06:45:49',4),(220,2,'2017-03-29',4244.14,4206.89,-37.25,'BEA   NR:M734M2   29.03.17/18.12 Da Portare via A\'dam AMS,PAS817','2017-06-13 22:14:50','2017-07-25 09:41:59',2),(221,2,'2017-03-29',4206.89,1206.89,-3000.00,'/TRTP/SEPA OVERBOEKING/IBAN/NL42ABNA0400621347/BIC/ABNANL2A/NAME/JF SANTIAGO NUNEZ/REMI/ahorro/EREF/NOTPROVIDED','2017-06-13 22:14:50','2017-06-16 20:15:58',11),(222,2,'2017-03-29',1206.89,581.08,-625.81,'/TRTP/SEPA OVERBOEKING/IBAN/NL34RBRB0827711964/BIC/RBRBNL21/NAME/SIMPLY STEEL/REMI/Factuurnummer 17119/EREF/NOTPROVIDED','2017-06-13 22:14:50','2017-06-13 22:14:50',1),(223,2,'2017-03-30',581.08,577.33,-3.75,'BEA   NR:JWM26F   30.03.17/09.44 CoffeeCompany ODE AMSTER,PAS817','2017-06-13 22:14:50','2017-06-14 07:25:26',4),(224,2,'2017-03-30',577.33,568.73,-8.60,'BEA   NR:2C751M   30.03.17/12.06 We Canteen B.V. AMSTERDA,PAS817','2017-06-13 22:14:50','2017-06-14 06:45:49',4),(225,2,'2017-03-30',568.73,561.23,-7.50,'BEA   NR:10031411 30.03.17/17.49 TEXACO AMSTERDAM AMSTERD,PAS817','2017-06-13 22:14:50','2017-06-14 07:32:37',8),(226,2,'2017-03-30',561.23,474.23,-87.00,'BEA   NR:6BF301   30.03.17/21.50 Hotel de Goudfazant AMST,PAS817','2017-06-13 22:14:50','2017-07-25 09:42:08',9),(227,2,'2017-03-31',474.23,466.13,-8.10,'BEA   NR:FM560P   31.03.17/12.11 We Canteen B.V. AMSTERDA,PAS817','2017-06-13 22:14:50','2017-06-14 06:45:49',4),(228,2,'2017-03-31',466.13,446.13,-20.00,'BEA   NR:1ZL410   31.03.17/16.04 NS-A\'dam CS 113 AMSTERDA,PAS817','2017-06-13 22:14:50','2017-07-25 10:23:41',20),(229,2,'2017-03-31',446.13,443.38,-2.75,'BEA   NR:1G9CM6   31.03.17/16.33 Hema EV 379 Schiphol SCH,PAS817','2017-06-13 22:14:50','2017-07-25 10:07:40',17),(230,2,'2017-03-31',443.38,343.38,-100.00,'GEA   NR:S1M417   31.03.17/17.09 VERTREKHAL 1 LOUNGE 1 SC,PAS817','2017-06-13 22:14:50','2017-07-25 10:23:45',20),(231,2,'2017-03-31',343.38,338.13,-5.25,'BEA   NR:80482122 31.03.17/17.43 HMSHOST AMSTERDAM SCHI S,PAS817','2017-06-13 22:14:50','2017-07-25 10:23:49',20),(232,2,'2017-04-01',338.13,332.13,-6.00,'BEA   NR:54076512 01.04.17/09.21 EDEKA Hammerer Rottach-E,PAS817','2017-06-13 22:14:50','2017-07-25 10:23:52',20),(233,2,'2017-04-01',332.13,282.13,-50.00,'GEA   NR:00003876 01.04.17/18.46 STADTSPARKASSE MUENCHE B,PAS817','2017-06-13 22:14:50','2017-07-25 10:23:57',20),(234,2,'2017-04-02',282.13,270.23,-11.90,'BEA   NR:54228054 02.04.17/13.42 Pinakothek d. Moderne Mu,PAS817','2017-06-13 22:14:50','2017-07-25 10:24:00',20),(235,2,'2017-04-02',270.23,264.23,-6.00,'BEA   NR:56526885 02.04.17/16.32 MUC 004 NEWSPOINT MUENCH,PAS817','2017-06-13 22:14:50','2017-07-25 10:24:03',20),(236,2,'2017-04-03',264.23,200.51,-63.72,'/TRTP/SEPA Incasso algemeen doorlopend/CSID/NL21ZZZ330520730000/NAME/OHRA SCHADEVERZEKERINGEN/MARF/000000000002163168/REMI/Relatienr: 7465502 / Vlgnr:    30 / Periode t/m april 2017/IBAN/NL98INGB0002712510/BIC/INGBNL2A/EREF/DEB6217465502000030         0163','2017-06-13 22:14:51','2017-06-14 07:21:59',5),(237,2,'2017-04-03',200.51,39.01,-161.50,'/TRTP/SEPA Incasso algemeen doorlopend/CSID/NL18ZZZ410952220000/NAME/CZ Groep Zorgverzekeraar/MARF/713637587001001001/REMI/kenmerk 0072503172419410 Rel.nr. 713637587 Periode 01-04-2017/30-04-2017 CZ Zorgverzekering -  -/IBAN/NL85INGB0668339063/BIC/INGBNL2A/EREF/SDD0078452390','2017-06-13 22:14:51','2017-06-14 07:23:52',6),(238,2,'2017-04-03',39.01,31.96,-7.05,'BEA   NR:2C751M   03.04.17/11.42 We Canteen B.V. AMSTERDA,PAS817','2017-06-13 22:14:51','2017-06-14 06:45:49',4),(239,2,'2017-04-03',31.96,-23.97,-55.93,'/TRTP/SEPA Incasso algemeen doorlopend/CSID/NL81ZZZ300762840000/NAME/SANTANDER CF BENELUX BV/MARF/DUR23383704420161207124710  /REMI/23-3837044/IBAN/NL22ABNA0487710150/BIC/ABNANL2A/EREF/RCUR20170324005005802000-233837044A','2017-06-13 22:14:51','2017-06-13 22:14:51',1),(240,2,'2017-04-03',-23.97,-31.47,-7.50,'BEA   NR:AL056403 03.04.17/17.48 CCV*VIVANT DE EINDHALT A,PAS817','2017-06-13 22:14:51','2017-07-25 10:07:55',14),(241,2,'2017-04-04',-31.47,-33.37,-1.90,'ACCOUNT-BALANCED    31.03        DEBIT  INTEREST            1,90D','2017-06-13 22:14:51','2017-06-13 22:14:51',1),(242,2,'2017-04-04',-33.37,-40.67,-7.30,'BEA   NR:FM560P   04.04.17/12.07 We Canteen B.V. AMSTERDA,PAS817','2017-06-13 22:14:51','2017-06-14 06:45:49',4),(243,2,'2017-04-05',-40.67,-51.67,-11.00,'/TRTP/SEPA Incasso algemeen doorlopend/CSID/NL77ZZZ040532290000/NAME/AAP VERZEKERINGEN BV/MARF/46585/REMI/Voordeelabonnement april 2017/IBAN/NL81INGB0672137461/BIC/INGBNL2A/EREF/0201704000324311','2017-06-13 22:14:51','2017-06-14 07:24:45',5),(244,2,'2017-04-05',-51.67,-61.67,-10.00,'BEA   NR:0ZQ502   05.04.17/09.16 Primera Middenweg AMSTER,PAS817','2017-06-13 22:14:51','2017-07-25 10:08:00',14),(245,2,'2017-04-05',-61.67,-111.67,-50.00,'GEA   NR:006323   05.04.17/09.18 ING AMSTERDAM,PAS817','2017-06-13 22:14:51','2017-06-13 22:14:51',1),(246,2,'2017-04-05',-111.67,-115.42,-3.75,'BEA   NR:JWM26F   05.04.17/09.34 CoffeeCompany ODE AMSTER,PAS817','2017-06-13 22:14:51','2017-06-14 07:25:26',4),(247,2,'2017-04-05',-115.42,-121.92,-6.50,'BEA   NR:86GN18   05.04.17/13.58 Bouchee AMSTERDAM,PAS817','2017-06-13 22:14:51','2017-07-25 10:08:11',2),(248,2,'2017-04-05',-121.92,-144.91,-22.99,'BEA   NR:715H2S   05.04.17/15.49 INT 2217 Amsterdam AMSTE,PAS817','2017-06-13 22:14:51','2017-06-13 22:14:51',1),(249,2,'2017-04-05',-144.91,-149.91,-5.00,'BEA   NR:31016795 05.04.17/15.55 BLOEM (FLEURTIEK) AMSTER,PAS817','2017-06-13 22:14:51','2017-07-25 10:24:28',2),(250,2,'2017-04-06',-149.91,-161.91,-12.00,'BEA   NR:CT454881 06.04.17/13.05 CCV*VAP NEDERLAND BV AMS,PAS817','2017-06-13 22:14:51','2017-07-25 10:08:22',4),(251,2,'2017-04-07',-161.91,-163.21,-1.30,'BEA   NR:009W64   07.04.17/09.59 We Canteen B.V. AMSTERDA,PAS817','2017-06-13 22:14:51','2017-06-14 06:45:49',4),(252,2,'2017-04-07',-163.21,-170.71,-7.50,'BEA   NR:10031412 07.04.17/17.30 TEXACO AMSTERDAM AMSTERD,PAS817','2017-06-13 22:14:51','2017-06-14 07:32:37',8),(253,2,'2017-04-08',-170.71,-188.69,-17.98,'BEA   NR:Z4VQK6   08.04.17/14.32 De Tuinen 7739 BUSSUM,PAS817','2017-06-13 22:14:51','2017-07-25 09:42:39',2),(254,2,'2017-04-08',-188.69,-190.19,-1.50,'BEA   NR:CT435801 08.04.17/15.12 CCV*PARKEERGARAGE DE O B,PAS817','2017-06-13 22:14:51','2017-07-25 10:08:29',8),(255,2,'2017-04-08',-190.19,-282.31,-92.12,'BEA   NR:DGW4BR   08.04.17/16.14 Landmarkt AMSTERDAM,PAS817','2017-06-13 22:14:51','2017-07-25 09:42:57',2),(256,2,'2017-04-08',-282.31,-296.31,-14.00,'BEA   NR:DGW4BR   08.04.17/16.16 Landmarkt AMSTERDAM,PAS817','2017-06-13 22:14:51','2017-07-25 09:43:01',2),(257,2,'2017-04-08',-296.31,-311.51,-15.20,'BEA   NR:18KC01   08.04.17/23.08 vof Cafe Elsa\'s AMSTERDA,PAS817','2017-06-13 22:14:51','2017-07-25 09:51:12',9),(258,2,'2017-04-09',-311.51,-349.95,-38.44,'BEA   NR:BL5102   09.04.17/12.24 PRAXIS A\'DAM OOST AMSTER,PAS817','2017-06-13 22:14:51','2017-06-14 07:36:07',10),(259,2,'2017-04-09',-349.95,-357.45,-7.50,'BEA   NR:0FZ009   09.04.17/19.12 Vomar Middenweg AMSTERDA,PAS817','2017-06-13 22:14:51','2017-07-25 10:17:50',14),(260,2,'2017-04-10',-357.45,-361.20,-3.75,'BEA   NR:JWM26F   10.04.17/09.45 CoffeeCompany ODE AMSTER,PAS817','2017-06-13 22:14:51','2017-06-14 07:25:26',4),(261,2,'2017-04-10',-361.20,-369.30,-8.10,'BEA   NR:2C751M   10.04.17/12.12 We Canteen B.V. AMSTERDA,PAS817','2017-06-13 22:14:51','2017-06-14 06:45:49',4),(262,2,'2017-04-10',-369.30,-424.25,-54.95,'/TRTP/SEPA Incasso algemeen doorlopend/CSID/NL34ZZZ412346760000/NAME/STICHTING MUSEUMKAART/MARF/66d11e358b97f4a736ab2222222208d2/REMI/Uw bestelling MK dd 22-03-2017/1013125148892531/IBAN/NL41ABNA0455133425/BIC/ABNANL2A/EREF/1013125148892531','2017-06-13 22:14:51','2017-07-25 10:24:21',9),(263,2,'2017-04-11',-424.25,-432.35,-8.10,'BEA   NR:2C751M   11.04.17/12.16 We Canteen B.V. AMSTERDA,PAS817','2017-06-13 22:14:51','2017-06-14 06:45:49',4),(264,2,'2017-04-11',-432.35,-482.35,-50.00,'GEA   NR:S5A111   11.04.17/16.26 ING AMSTERDAM,PAS817','2017-06-13 22:14:51','2017-06-13 22:14:51',1),(265,2,'2017-04-11',-482.35,-489.85,-7.50,'BEA   NR:734JH9   11.04.17/16.26 ALBERT HEIJN 1321 AMSTER,PAS817','2017-06-13 22:14:51','2017-07-25 10:17:53',14),(266,2,'2017-04-12',-489.85,-496.90,-7.05,'BEA   NR:2C751M   12.04.17/12.31 We Canteen B.V. AMSTERDA,PAS817','2017-06-13 22:14:51','2017-06-14 06:45:49',4),(267,2,'2017-04-13',-496.90,-506.90,-10.00,'BEA   NR:AL056403 13.04.17/08.26 CCV*VIVANT DE EINDHALT A,PAS817','2017-06-13 22:14:51','2017-07-25 10:08:38',14),(268,2,'2017-04-13',-506.90,-516.93,-10.03,'BEA   NR:Z0TP22   13.04.17/12.26 La Place OBA AMSTERDAM,PAS817','2017-06-13 22:14:51','2017-07-25 09:51:20',4),(269,2,'2017-04-14',-516.93,-524.41,-7.48,'BEA   NR:B0NM41   14.04.17/12.22 La Place OBA AMSTERDAM,PAS817','2017-06-13 22:14:51','2017-07-25 09:51:22',4),(270,2,'2017-04-14',-524.41,-561.66,-37.25,'BEA   NR:M734M2   14.04.17/18.17 Da Portare via A\'dam AMS,PAS817','2017-06-13 22:14:51','2017-07-25 09:43:13',2),(271,2,'2017-04-14',-561.66,-576.66,-15.00,'BEA   NR:0FZ009   14.04.17/20.04 Vomar Middenweg AMSTERDA,PAS817','2017-06-13 22:14:51','2017-06-14 06:44:10',2),(272,2,'2017-04-15',-576.66,-1080.66,-504.00,'BEA   NR:S974FD   15.04.17/10.41 Loods 5 Zaandam ZAANDAM ,PAS817','2017-06-13 22:14:51','2017-07-25 10:16:09',17),(273,2,'2017-04-15',-1080.66,-1121.16,-40.50,'BEA   NR:9QV7VG   15.04.17/10.45 Loods 5 Zaandam B.V. ZAA,PAS817','2017-06-13 22:14:51','2017-07-25 09:43:37',10),(274,2,'2017-04-15',-1121.16,-1353.14,-231.98,'BEA   NR:241214   15.04.17/11.53 IKEA BV A\'dam ZO AMSTERD,PAS817','2017-06-13 22:14:51','2017-07-25 09:43:45',10),(275,2,'2017-04-15',-1353.14,-1443.14,-90.00,'BEA   NR:CT069636 15.04.17/14.25 CCV*VERGULDEN EENHOORN A,PAS817','2017-06-13 22:14:51','2017-06-14 07:30:16',9),(276,2,'2017-04-15',-1443.14,-1492.14,-49.00,'BEA   NR:0N0SGM   15.04.17/14.58 Vishandel Tol/deGeus AMS,PAS817','2017-06-13 22:14:51','2017-07-25 09:43:50',2),(277,2,'2017-04-15',-1492.14,-1500.07,-7.93,'BEA   NR:0FZ007   15.04.17/15.11 Vomar Middenweg AMSTERDA,PAS817','2017-06-13 22:14:51','2017-06-14 06:44:10',2),(278,2,'2017-04-15',-1500.07,-1579.84,-79.77,'BEA   NR:BL5103   15.04.17/16.16 PRAXIS A\'DAM OOST AMSTER,PAS817','2017-06-13 22:14:51','2017-06-14 07:36:07',10),(279,2,'2017-04-16',-1579.84,420.16,2000.00,'SEPA Overboeking                 IBAN: NL42ABNA0400621347        BIC: ABNANL2A                    Naam: JF SANTIAGO NUNEZ','2017-06-13 22:14:51','2017-06-16 20:15:58',11),(280,2,'2017-04-17',420.16,347.66,-72.50,'BEA   NR:774MYL   17.04.17/11.39 IKEA BV/ AMSTERDAM AMSTE,PAS817','2017-06-13 22:14:51','2017-07-25 09:43:57',10),(281,2,'2017-04-17',347.66,341.37,-6.29,'BEA   NR:BL5102   17.04.17/12.11 PRAXIS A\'DAM OOST AMSTER,PAS817','2017-06-13 22:14:51','2017-06-14 07:36:07',10),(282,2,'2017-04-18',341.37,309.37,-32.00,'/TRTP/SEPA Incasso algemeen doorlopend/CSID/NL65ZZZ411978510000/NAME/STICHTING OPENBARE BIBLIOTHEKEN AMSTERDAM/MARF/22000009514144/REMI/Contributie t.e.m. mei 2018/IBAN/NL39INGB0000166449/BIC/INGBNL2A/EREF/1441415900000224','2017-06-13 22:14:51','2017-06-13 22:14:51',1),(283,2,'2017-04-18',309.37,350.87,41.50,'SEPA Overboeking                 IBAN: NL07ABNA0508477441        BIC: ABNANL2A                    Naam: I MARRA PEREZ             Omschrijving: JMC paradiso','2017-06-13 22:14:51','2017-07-25 10:25:11',9),(284,2,'2017-04-18',350.87,889.87,539.00,'/TRTP/SEPA OVERBOEKING/IBAN/NL36INGB0003445588/BIC/INGBNL2A/NAME/BELASTINGDIENST/REMI/MAAND APR. NR. 231555714H7001      IB/PVV 2017       (SANTIAGO NUN)/EREF/20170411053722314','2017-06-13 22:14:51','2017-06-13 22:14:51',1),(285,2,'2017-04-18',889.87,882.24,-7.63,'BEA   NR:Z0TP22   18.04.17/13.25 La Place OBA AMSTERDAM,PAS817','2017-06-13 22:14:51','2017-07-25 09:51:34',4),(286,2,'2017-04-18',882.24,867.75,-14.49,'BEA   NR:780H47   18.04.17/19.14 IKEA BV/ AMSTERDAM AMSTE,PAS817','2017-06-13 22:14:51','2017-07-25 09:51:40',10),(287,2,'2017-04-18',867.75,860.25,-7.50,'BEA   NR:DLM9T4   18.04.17/19.31 ALBERT HEIJN 1006 AMSTER,PAS817','2017-06-13 22:14:51','2017-07-25 10:17:59',14),(288,2,'2017-04-18',860.25,748.25,-112.00,'/TRTP/Acceptgirobetaling/IBAN/NL86INGB0002445588/BIC/INGBNL2A  /NAME/belastingdienst/REMI/ISSUER: CUR                  REF: 7853809675601300/EREF/NOTPROVIDED','2017-06-13 22:14:51','2017-06-13 22:14:51',1),(289,2,'2017-04-19',748.25,744.50,-3.75,'BEA   NR:JWM26F   19.04.17/09.22 CoffeeCompany ODE AMSTER,PAS817','2017-06-13 22:14:51','2017-06-14 07:25:26',4),(290,2,'2017-04-19',744.50,734.95,-9.55,'BEA   NR:FM560P   19.04.17/12.34 We Canteen B.V. AMSTERDA,PAS817','2017-06-13 22:14:51','2017-06-14 06:45:49',4),(291,2,'2017-04-19',734.95,751.45,16.50,'BEA   NR:881Z84   18.04.17/19.02 Ikea BV/Amsterdam,PAS817        TERUGBOEKING-BEA-TRANSACTIE','2017-06-13 22:14:51','2017-07-25 09:44:26',10),(292,2,'2017-04-19',751.45,741.46,-9.99,'/TRTP/SEPA Incasso algemeen doorlopend/CSID/NL74ZZZ342764500017/NAME/SPOTIFY BY ADYEN/MARF/1314818195521278/REMI/SpotifyNL P02269CBBE/IBAN/NL48ABNA0502830042/BIC/ABNANL2A/EREF/C4514922739560008C','2017-06-13 22:14:51','2017-06-13 22:14:51',1),(293,2,'2017-04-19',741.46,733.96,-7.50,'BEA   NR:10DSL7   19.04.17/18.57 Bookshop Leidsestr AMSTE,PAS817','2017-06-13 22:14:51','2017-07-25 10:08:59',14),(294,2,'2017-04-19',733.96,703.96,-30.00,'BEA   NR:8NB420   19.04.17/20.21 Dubbel Eten en Drink AMS,PAS817','2017-06-13 22:14:51','2017-07-25 09:44:54',9),(295,2,'2017-04-19',703.96,696.96,-7.00,'BEA   NR:B8ZVN2   19.04.17/20.27 St. Paradiso A\'dam AMSTE,PAS817','2017-06-13 22:14:51','2017-07-25 09:44:44',9),(296,2,'2017-04-19',696.96,691.56,-5.40,'BEA   NR:P82J6H   19.04.17/21.16 St. Paradiso A\'dam AMSTE,PAS817','2017-06-13 22:14:51','2017-07-25 09:44:47',9),(297,2,'2017-04-20',691.56,687.81,-3.75,'BEA   NR:JWM26F   20.04.17/09.26 CoffeeCompany ODE AMSTER,PAS817','2017-06-13 22:14:51','2017-06-14 07:25:26',4),(298,2,'2017-04-20',687.81,682.16,-5.65,'BEA   NR:2C751M   20.04.17/11.58 We Canteen B.V. AMSTERDA,PAS817','2017-06-13 22:14:51','2017-06-14 06:45:49',4),(299,2,'2017-04-21',682.16,675.96,-6.20,'BEA   NR:2C751M   21.04.17/12.18 We Canteen B.V. AMSTERDA,PAS817','2017-06-13 22:14:51','2017-06-14 06:45:49',4),(300,2,'2017-04-21',675.96,299.53,-376.43,'/TRTP/SEPA Incasso algemeen doorlopend/CSID/NL13ZZZ332005960000/NAME/INT CARD SERVICES/MARF/E048067930015001/REMI/Incasso apr 2017 betreffende uw creditcard ICS-klantnummer 48067930015/IBAN/NL23ABNA0818769483/BIC/ABNANL2A/EREF/03014CI001058486','2017-06-13 22:14:51','2017-06-13 22:14:51',1),(301,2,'2017-04-22',299.53,291.53,-8.00,'BEA   NR:4FH5JG   22.04.17/16.03 Parkeren 13237 A\'dam AMS,PAS817','2017-06-13 22:14:51','2017-06-14 07:29:06',8),(302,2,'2017-04-22',291.53,260.93,-30.60,'BEA   NR:QB7HKP   22.04.17/17.18 Blender Amsterdam B. AMS,PAS817','2017-06-13 22:14:51','2017-07-25 09:45:11',9),(303,2,'2017-04-22',260.93,250.93,-10.00,'BEA   NR:AL054967 22.04.17/17.36 CCV*H R GHORZANG AMSTERD,PAS817','2017-06-13 22:14:51','2017-06-13 22:14:51',1),(304,2,'2017-04-22',250.93,246.93,-4.00,'BEA   NR:4FH5JG   22.04.17/17.40 Parkeren 13237 A\'dam AMS,PAS817','2017-06-13 22:14:51','2017-06-14 07:29:06',8),(305,2,'2017-04-22',246.93,238.57,-8.36,'BEA   NR:872G22   22.04.17/18.14 ALBERT HEIJN 1594 AMSTER,PAS817','2017-06-13 22:14:51','2017-06-14 06:00:54',2),(306,2,'2017-04-23',238.57,201.77,-36.80,'/TRTP/iDEAL/IBAN/NL40INGB0654880735/BIC/INGBNL2A/NAME/Stichting Sisow/REMI/18516 0050002716400263 Order 18516 lijstenmakerij Quirijnns/EREF/23-04-2017 09:29 0050002716400263','2017-06-13 22:14:51','2017-07-25 09:51:57',10),(307,2,'2017-04-24',201.77,193.77,-8.00,'/TRTP/SEPA Incasso algemeen doorlopend/CSID/NL28ZZZ343323620000/NAME/SUBBACULTCHA VOF/MARF/1405/REMI/Subbacultcha May17/IBAN/NL89INGB0006524772/BIC/INGBNL2A/EREF/D20170418-5236273734-11935240032289','2017-06-13 22:14:51','2017-06-14 07:31:01',9),(308,2,'2017-04-24',193.77,15497.37,15303.60,'/TRTP/SEPA OVERBOEKING/IBAN/NL77DEUT0265172268/BIC/DEUTNL2AXXX /NAME/AUTOMATIC DATA PROCESSING LTD/REMI/SALARIES APRIL 2017 TOMTOM INTERN.BV/EREF/54815630','2017-06-13 22:14:51','2017-06-16 20:27:32',12),(309,2,'2017-04-24',15497.37,15491.17,-6.20,'BEA   NR:FM560P   24.04.17/12.22 We Canteen B.V. AMSTERDA,PAS817','2017-06-13 22:14:51','2017-06-14 06:45:49',4),(310,2,'2017-04-24',15491.17,15483.67,-7.50,'BEA   NR:SMM3DM   24.04.17/15.54 Bruna-Amsterdam-168 AMST,PAS817','2017-06-13 22:14:51','2017-07-25 10:09:08',14),(311,2,'2017-04-24',15483.67,15469.17,-14.50,'BEA   NR:CT420129 24.04.17/17.21 CCV*BLEND COFFEE AND W A,PAS817','2017-06-13 22:14:51','2017-07-25 09:45:22',9),(312,2,'2017-04-25',15469.17,15463.22,-5.95,'BEA   NR:FM560P   25.04.17/12.10 We Canteen B.V. AMSTERDA,PAS817','2017-06-13 22:14:51','2017-06-14 06:45:49',4),(313,2,'2017-04-25',15463.22,15461.43,-1.79,'ABN AMRO Bank N.V.               Standby Serv.               0,83Debit card                  0,79 VAT                         0,17','2017-06-13 22:14:51','2017-06-13 22:14:51',1),(314,2,'2017-04-26',15461.43,15368.73,-92.70,'/TRTP/SEPA Incasso algemeen doorlopend/CSID/NL89DBA343669660000/NAME/Gemeente Amsterdam Belastingen/MARF/97880/REMI/Aanslagnummer:000000000000040086277 Gecomb aanslag 2017 Amsterdam Restbedrag eur 463,49/IBAN/NL85INGB0004585329/BIC/INGBNL2A/EREF/0000000040086277','2017-06-13 22:14:51','2017-06-13 22:14:51',1),(315,2,'2017-04-26',15368.73,15364.98,-3.75,'BEA   NR:JWM26F   26.04.17/09.14 CoffeeCompany ODE AMSTER,PAS817','2017-06-13 22:14:51','2017-06-14 07:25:26',4),(316,2,'2017-04-26',15364.98,15358.78,-6.20,'BEA   NR:FM560P   26.04.17/13.06 We Canteen B.V. AMSTERDA,PAS817','2017-06-13 22:14:51','2017-06-14 06:45:49',4),(317,2,'2017-04-26',15358.78,15070.31,-288.47,'/TRTP/SEPA Incasso algemeen doorlopend/CSID/NL79ZZZ330305200000/NAME/INTERBANK NV/MARF/757039723-01/REMI/AUTOMATISCHE INCAS0757039723/IBAN/NL63ABNA0540306304/BIC/ABNANL2A/EREF/7531343','2017-06-13 22:14:51','2017-06-13 22:14:51',1),(318,2,'2017-04-26',15070.31,15047.66,-22.65,'BEA   NR:Y1VM5Z   26.04.17/17.26 Helal Et Gida AMSTERDAM ,PAS817','2017-06-13 22:14:51','2017-07-25 09:45:29',2),(319,2,'2017-04-26',15047.66,15024.66,-23.00,'BEA   NR:0ZQ502   26.04.17/17.31 Primera Middenweg AMSTER,PAS817','2017-06-13 22:14:51','2017-07-25 10:09:22',14),(320,2,'2017-04-27',15024.66,15021.91,-2.75,'BEA   NR:CT420132 27.04.17/15.10 CCV*BLEND COFFEE AND W A,PAS817','2017-06-13 22:14:51','2017-07-25 09:45:35',9),(321,2,'2017-04-27',15021.91,15011.41,-10.50,'BEA   NR:CT495641 27.04.17/16.37 CCV*Poesiat & Kater AMST,PAS817','2017-06-13 22:14:51','2017-07-25 09:45:39',9),(322,2,'2017-04-28',15011.41,12511.41,-2500.00,'/TRTP/SEPA OVERBOEKING/IBAN/NL42ABNA0576877913/BIC/ABNANL2A/NAME/JF SANTIAGO NUNEZ CJ/REMI/Contribucion comun/EREF/NOTPROVIDED','2017-06-13 22:14:51','2017-06-13 22:14:51',1),(323,2,'2017-04-28',12511.41,12504.49,-6.92,'/TRTP/SEPA Incasso algemeen doorlopend/CSID/NL98ZZZ040234080000/NAME/UNIGARANT NV/MARF/M11533955/REMI/RCUR 1107000057563802PVOR 2017-04-28 / 2017-05-27Polisnr: P10184555Doorlopende Fiets/IBAN/NL86INGB0000476100/BIC/INGBNL2A/EREF/1107000057563802','2017-06-13 22:14:51','2017-06-13 22:14:51',1),(324,2,'2017-04-28',12504.49,12382.49,-122.00,'/TRTP/SEPA Incasso algemeen doorlopend/CSID/NL48ZZZ280860070000/NAME/KUNSTHUIZEN HOLDING B.V./MARF/9343.509.217622/REMI/Spaar = Eur 366/IBAN/NL24RABO0335563945/BIC/RABONL2U/EREF/SDD.KhDelft5272.527223861','2017-06-13 22:14:51','2017-07-25 10:25:44',10),(325,2,'2017-04-28',12382.49,12323.49,-59.00,'/TRTP/SEPA Incasso algemeen doorlopend/CSID/NL35ZZZ273653230000/NAME/BELASTINGDIENST/MARF/007505033/REMI/23-NHJ-7                           10-04-2017 t/m 09-05-2017          MEER INFO WWW.BELASTINGDIENST.NL/IBAN/NL86INGB0002445588/BIC/INGBNL2A/EREF/20170413060256895BK1231555717870002','2017-06-13 22:14:51','2017-06-13 22:14:51',1),(326,2,'2017-04-30',12323.49,12312.09,-11.40,'BEA   NR:0J37PF   30.04.17/10.13 Stadsdeel Zuid AMSTERDAM,PAS817','2017-06-13 22:14:51','2017-07-25 10:09:31',8),(327,2,'2017-04-30',12312.09,12299.09,-13.00,'BEA   NR:0D073Q   30.04.17/12.44 Berkshire Butcher LEIMUI,PAS817','2017-06-13 22:14:51','2017-07-25 09:52:11',2),(328,2,'2017-04-30',12299.09,12291.09,-8.00,'BEA   NR:10137474 30.04.17/12.46 PLV*Pure Markt AMSTERDAM,PAS817','2017-06-13 22:14:51','2017-07-25 09:45:50',9),(329,2,'2017-04-30',12291.09,12285.09,-6.00,'BEA   NR:88416101 30.04.17/13.01 IZ *American Baking Co ?,PAS817','2017-06-13 22:14:51','2017-07-25 09:45:59',9),(330,2,'2017-04-30',12285.09,12282.09,-3.00,'BEA   NR:90005782 30.04.17/13.06 MYPOS AMSTERDAM,PAS817','2017-06-13 22:14:51','2017-07-25 09:46:07',9),(331,2,'2017-04-30',12282.09,12274.59,-7.50,'BEA   NR:DLW2H8   30.04.17/15.04 ALBERT HEIJN 1006 AMSTER,PAS817','2017-06-13 22:14:51','2017-07-25 10:18:03',14),(332,2,'2017-04-30',12274.59,12262.81,-11.78,'BEA   NR:D79P34   30.04.17/15.09 ALBERT HEIJN 1006 AMSTER,PAS817','2017-06-13 22:14:51','2017-06-14 06:00:54',2),(333,2,'2017-05-01',12262.81,12253.36,-9.45,'BEA   NR:FM560P   01.05.17/12.09 We Canteen B.V. AMSTERDA,PAS817','2017-06-13 22:14:51','2017-06-14 06:45:49',4),(334,2,'2017-05-01',12253.36,12250.76,-2.60,'BEA   NR:009W64   01.05.17/13.04 We Canteen B.V. AMSTERDA,PAS817','2017-06-13 22:14:51','2017-06-14 06:45:49',4),(335,2,'2017-05-01',12250.76,12246.42,-4.34,'BEA   NR:36CYF4   01.05.17/16.13 Parkeren 13522 A\'dam AMS,PAS817','2017-06-13 22:14:51','2017-06-14 07:29:06',8),(336,2,'2017-05-01',12246.42,12225.42,-21.00,'BEA   NR:M734M2   01.05.17/17.45 Da Portare via A\'dam AMS,PAS817','2017-06-13 22:14:51','2017-07-25 09:46:10',2),(337,2,'2017-05-01',12225.42,12217.92,-7.50,'BEA   NR:0FZ009   01.05.17/19.07 Vomar Middenweg AMSTERDA,PAS817','2017-06-13 22:14:51','2017-07-25 10:18:07',14),(338,2,'2017-05-01',12217.92,12211.36,-6.56,'BEA   NR:0FZ007   01.05.17/19.09 Vomar Middenweg AMSTERDA,PAS817','2017-06-13 22:14:51','2017-06-14 06:44:10',2),(339,2,'2017-05-02',12211.36,12147.64,-63.72,'/TRTP/SEPA Incasso algemeen doorlopend/CSID/NL21ZZZ330520730000/NAME/OHRA SCHADEVERZEKERINGEN/MARF/2163168/REMI/Debiteurnr. D00201777/ Verschuldigd per 1/05/2017/IBAN/NL98INGB0002712510/BIC/INGBNL2A/EREF/CODAD00006704221109332594','2017-06-13 22:14:51','2017-06-14 07:21:59',5),(340,2,'2017-05-02',12147.64,11986.14,-161.50,'/TRTP/SEPA Incasso algemeen doorlopend/CSID/NL18ZZZ410952220000/NAME/CZ Groep Zorgverzekeraar/MARF/713637587001001001/REMI/kenmerk 0072204175028618 Rel.nr. 713637587 Periode 01-05-2017/31-05-2017 CZ Zorgverzekering -  -/IBAN/NL85INGB0668339063/BIC/INGBNL2A/EREF/SDD0080559491','2017-06-13 22:14:51','2017-06-14 07:23:52',6),(341,2,'2017-05-02',11986.14,11977.64,-8.50,'BEA   NR:FM560P   02.05.17/12.09 We Canteen B.V. AMSTERDA,PAS817','2017-06-13 22:14:51','2017-06-14 06:45:49',4),(342,2,'2017-05-02',11977.64,11921.71,-55.93,'/TRTP/SEPA Incasso algemeen doorlopend/CSID/NL81ZZZ300762840000/NAME/SANTANDER CF BENELUX BV/MARF/DUR23383704420161207124710  /REMI/23-3837044/IBAN/NL22ABNA0487710150/BIC/ABNANL2A/EREF/RCUR20170421235246995000-233837044A','2017-06-13 22:14:51','2017-06-13 22:14:51',1),(343,2,'2017-05-03',11921.71,11910.71,-11.00,'/TRTP/SEPA Incasso algemeen doorlopend/CSID/NL77ZZZ040532290000/NAME/AAP VERZEKERINGEN BV/MARF/46585/REMI/Voordeelabonnement mei 2017/IBAN/NL81INGB0672137461/BIC/INGBNL2A/EREF/0201705000329310','2017-06-13 22:14:51','2017-06-14 07:24:45',5),(344,2,'2017-05-03',11910.71,11909.30,-1.41,'ACCOUNT-BALANCED    30.04        DEBIT  INTEREST            1,41D','2017-06-13 22:14:51','2017-06-13 22:14:51',1),(345,2,'2017-05-03',11909.30,11905.55,-3.75,'BEA   NR:JWM26F   03.05.17/10.25 CoffeeCompany ODE AMSTER,PAS817','2017-06-13 22:14:51','2017-06-14 07:25:26',4),(346,2,'2017-05-03',11905.55,11898.75,-6.80,'BEA   NR:009W64   03.05.17/12.20 We Canteen B.V. AMSTERDA,PAS817','2017-06-13 22:14:51','2017-06-14 06:45:49',4),(347,2,'2017-05-04',11898.75,11892.25,-6.50,'BEA   NR:5VTV04   04.05.17/12.50 5822AH togo A\'damOst AMS,PAS817','2017-06-13 22:14:51','2017-07-25 09:46:26',2),(348,2,'2017-05-04',11892.25,11872.25,-20.00,'BEA   NR:7T7N67   04.05.17/17.39 OOA C.V. Automaat 3 Amst,PAS817','2017-06-13 22:14:51','2017-07-25 09:46:49',8),(349,2,'2017-05-05',11872.25,11868.50,-3.75,'BEA   NR:JWM26F   05.05.17/09.34 CoffeeCompany ODE AMSTER,PAS817','2017-06-13 22:14:51','2017-06-14 07:25:26',4),(350,2,'2017-05-05',11868.50,3868.50,-8000.00,'/TRTP/SEPA OVERBOEKING/IBAN/NL42ABNA0400621347/BIC/ABNANL2A/NAME/JF SANTIAGO NUNEZ/REMI/ahorros/EREF/NOTPROVIDED','2017-06-13 22:14:51','2017-06-16 20:15:58',11),(351,2,'2017-05-05',3868.50,3859.50,-9.00,'BEA   NR:FM560P   05.05.17/12.01 We Canteen B.V. AMSTERDA,PAS817','2017-06-13 22:14:51','2017-06-14 06:45:49',4),(352,2,'2017-05-05',3859.50,3759.50,-100.00,'GEA   NR:S1M467   05.05.17/15.43 VERTREKHAL 1 LOUNGE 1 SC,PAS817','2017-06-13 22:14:51','2017-07-25 10:26:00',21),(353,2,'2017-05-06',3759.50,3659.50,-100.00,'GEA   NR:11420004 06.05.17/00.01 BANKIA MADRID,PAS817','2017-06-13 22:14:51','2017-07-25 10:26:03',21),(354,2,'2017-05-06',3659.50,3638.10,-21.40,'BEA   NR:04596513 06.05.17/20.00 GOLDGOURMET MADRID,PAS817','2017-06-13 22:14:51','2017-07-25 10:26:08',21),(355,2,'2017-05-07',3638.10,3617.10,-21.00,'BEA   NR:04949393 07.05.17/01.21 CAFE MODERNO MADRID,PAS817','2017-06-13 22:14:51','2017-07-25 10:26:12',21),(356,2,'2017-05-07',3617.10,3613.10,-4.00,'BEA   NR:28544923 07.05.17/19.15 AELIA BARAJAS EMBAR MADR,PAS817','2017-06-13 22:14:51','2017-07-25 10:26:16',21),(357,2,'2017-05-07',3613.10,3604.55,-8.55,'BEA   NR:32909738 07.05.17/19.18 AEROP MADRID,PAS817','2017-06-13 22:14:51','2017-07-25 10:26:21',21),(358,2,'2017-05-07',3604.55,3594.55,-10.00,'BEA   NR:2BB919   07.05.17/23.00 NS-Schiphol-119 LUCHTHAV,PAS817','2017-06-13 22:14:51','2017-07-25 10:26:24',21),(359,2,'2017-05-08',3594.55,3590.80,-3.75,'BEA   NR:JWM26F   08.05.17/09.47 CoffeeCompany ODE AMSTER,PAS817','2017-06-13 22:14:51','2017-06-14 07:25:26',4),(360,2,'2017-05-08',3590.80,3639.40,48.60,'/TRTP/SEPA OVERBOEKING/IBAN/NL98INGB0000845745/BIC/INGBNL2A/NAME/ZIGGO SERVICES BV/REMI/Restitutie Ziggo Services BV. Je klantnummer 6360612/EREF/030254296942000','2017-06-13 22:14:51','2017-06-13 22:14:51',1),(361,2,'2017-05-08',3639.40,3633.20,-6.20,'BEA   NR:FM560P   08.05.17/12.24 We Canteen B.V. AMSTERDA,PAS817','2017-06-13 22:14:52','2017-06-14 06:45:49',4),(362,2,'2017-05-09',3633.20,3629.45,-3.75,'BEA   NR:JWM26F   09.05.17/09.25 CoffeeCompany ODE AMSTER,PAS817','2017-06-13 22:14:52','2017-06-14 07:25:26',4),(363,2,'2017-05-09',3629.45,3621.50,-7.95,'BEA   NR:FM560P   09.05.17/12.34 We Canteen B.V. AMSTERDA,PAS817','2017-06-13 22:14:52','2017-06-14 06:45:49',4),(364,2,'2017-05-10',3621.50,3615.30,-6.20,'BEA   NR:2C751M   10.05.17/12.34 We Canteen B.V. AMSTERDA,PAS817','2017-06-13 22:14:52','2017-06-14 06:45:49',4),(365,2,'2017-05-11',3615.30,3607.35,-7.95,'BEA   NR:FM560P   11.05.17/12.56 We Canteen B.V. AMSTERDA,PAS817','2017-06-13 22:14:52','2017-06-14 06:45:49',4),(366,2,'2017-05-12',3607.35,2907.35,-700.00,'/TRTP/SEPA OVERBOEKING/IBAN/NL42ABNA0576877913/BIC/ABNANL2A/NAME/JF SANTIAGO NUNEZ CJ/EREF/NOTPROVIDED','2017-06-13 22:14:52','2017-06-13 22:14:52',1),(367,2,'2017-05-12',2907.35,2899.40,-7.95,'BEA   NR:FM560P   12.05.17/12.30 We Canteen B.V. AMSTERDA,PAS817','2017-06-13 22:14:52','2017-06-14 06:45:49',4),(368,2,'2017-05-13',2899.40,2868.45,-30.95,'BEA   NR:Y1VM5Z   13.05.17/10.38 Helal Et Gida AMSTERDAM ,PAS817','2017-06-13 22:14:52','2017-06-15 07:09:48',2),(369,2,'2017-05-13',2868.45,2860.25,-8.20,'BEA   NR:0K3VB0   13.05.17/10.42 SEPAY*Rum Baba Cafe AMST,PAS817','2017-06-13 22:14:52','2017-07-25 09:47:11',9),(370,2,'2017-05-13',2860.25,2819.75,-40.50,'BEA   NR:CT361875 13.05.17/11.16 OLIVES AND MORE AMSTERDA,PAS817','2017-06-13 22:14:52','2017-07-25 09:47:13',2),(371,2,'2017-05-13',2819.75,2804.09,-15.66,'BEA   NR:RN4D74   13.05.17/11.27 Marqt Linnaeusstraat AMS,PAS817','2017-06-13 22:14:52','2017-06-14 07:33:44',2),(372,2,'2017-05-13',2804.09,2781.10,-22.99,'BEA   NR:31016795 13.05.17/11.31 BLOEM (FLEURTIEK) AMSTER,PAS817','2017-06-13 22:14:52','2017-06-13 22:14:52',1),(373,2,'2017-05-14',2781.10,2756.86,-24.24,'BEA   NR:RN4D74   14.05.17/10.50 Marqt Linnaeusstraat AMS,PAS817','2017-06-13 22:14:52','2017-06-14 07:33:44',2),(374,2,'2017-05-14',2756.86,2667.91,-88.95,'BEA   NR:71060119 14.05.17/10.59 BP BENZINESTATION SLAG A,PAS817','2017-06-13 22:14:52','2017-07-25 10:09:49',8),(375,2,'2017-05-14',2667.91,2661.91,-6.00,'BEA   NR:CT495639 14.05.17/16.51 CCV*Poesiat & Kater AMST,PAS817','2017-06-13 22:14:52','2017-07-25 09:47:23',9),(376,2,'2017-05-15',2661.91,2658.16,-3.75,'BEA   NR:JWM26F   15.05.17/09.34 CoffeeCompany ODE AMSTER,PAS817','2017-06-13 22:14:52','2017-06-14 07:25:26',4),(377,2,'2017-05-15',2658.16,3197.16,539.00,'/TRTP/SEPA OVERBOEKING/IBAN/NL36INGB0003445588/BIC/INGBNL2A/NAME/BELASTINGDIENST/REMI/MAAND MEI  NR. 231555714H7001      IB/PVV 2017       (SANTIAGO NUN)/EREF/20170510072147506','2017-06-13 22:14:52','2017-06-13 22:14:52',1),(378,2,'2017-05-15',3197.16,3188.51,-8.65,'BEA   NR:009W64   15.05.17/12.05 We Canteen B.V. AMSTERDA,PAS817','2017-06-13 22:14:52','2017-06-14 06:45:49',4),(379,2,'2017-05-16',3188.51,3185.01,-3.50,'BEA   NR:JWM26F   16.05.17/10.25 CoffeeCompany ODE AMSTER,PAS817','2017-06-13 22:14:52','2017-06-14 07:25:26',4),(380,2,'2017-05-16',3185.01,3173.94,-11.07,'BEA   NR:CT454881 16.05.17/12.45 CCV*VAP NEDERLAND BV AMS,PAS817','2017-06-13 22:14:52','2017-07-25 10:27:21',4),(381,2,'2017-05-16',3173.94,3168.54,-5.40,'BEA   NR:JWM26F   16.05.17/12.49 CoffeeCompany ODE AMSTER,PAS817','2017-06-13 22:14:52','2017-06-14 07:25:26',4),(382,2,'2017-05-17',3168.54,3165.04,-3.50,'BEA   NR:67XN01   17.05.17/09.57 Easy Store VOF AMSTERDAM,PAS817','2017-06-13 22:14:52','2017-07-25 10:27:23',4),(383,2,'2017-05-17',3165.04,3162.24,-2.80,'BEA   NR:HD94B1   17.05.17/09.58 Kessens AMSTERDAM,PAS817','2017-06-13 22:14:52','2017-07-25 09:47:34',9),(384,2,'2017-05-17',3162.24,2165.24,-997.00,'BEA   NR:00159104 17.05.17/10.23 Bolia 812 Amsterdam,PAS817','2017-06-13 22:14:52','2017-07-25 09:47:41',10),(385,2,'2017-05-17',2165.24,2157.39,-7.85,'BEA   NR:009W64   17.05.17/11.58 We Canteen B.V. AMSTERDA,PAS817','2017-06-13 22:14:52','2017-06-14 06:45:49',4),(386,2,'2017-05-17',2157.39,2147.40,-9.99,'/TRTP/SEPA Incasso algemeen doorlopend/CSID/NL74ZZZ342764500017/NAME/SPOTIFY BY ADYEN/MARF/1314818195521278/REMI/SpotifyNL P0264F2DB4/IBAN/NL48ABNA0502830042/BIC/ABNANL2A/EREF/C1314948659576920C','2017-06-13 22:14:52','2017-06-13 22:14:52',1),(387,2,'2017-05-18',2147.40,2123.20,-24.20,'BEA   NR:6DDS01   18.05.17/12.31 De Bakkerswinkel AMSTERD,PAS817','2017-06-13 22:14:52','2017-07-25 09:47:51',2),(388,2,'2017-05-18',2123.20,2273.20,150.00,'/TRTP/SEPA OVERBOEKING/IBAN/NL41ABNA0626185262/BIC/ABNANL2A/NAME/SANTIAGO FLOREZ PINTO/REMI/TomTom Kary Florez/EREF/NOTPROVIDED','2017-06-13 22:14:52','2017-06-13 22:14:52',1),(389,2,'2017-05-18',2273.20,2281.20,8.00,'/TRTP/SEPA OVERBOEKING/IBAN/NL41ABNA0626185262/BIC/ABNANL2A/NAME/SANTIAGO FLOREZ PINTO/EREF/NOTPROVIDED','2017-06-13 22:14:52','2017-06-13 22:14:52',1),(390,2,'2017-05-18',2281.20,2274.64,-6.56,'BEA   NR:0FZ003   18.05.17/18.22 Vomar Middenweg AMSTERDA,PAS817','2017-06-13 22:14:52','2017-06-14 06:44:10',2),(391,2,'2017-05-18',2274.64,2260.39,-14.25,'BEA   NR:CT495641 18.05.17/22.39 CCV*Poesiat & Kater AMST,PAS817','2017-06-13 22:14:52','2017-07-25 09:48:04',9),(392,2,'2017-05-19',2260.39,2253.89,-6.50,'BEA   NR:009W64   19.05.17/13.44 We Canteen B.V. AMSTERDA,PAS817','2017-06-13 22:14:52','2017-06-14 06:45:49',4),(393,2,'2017-05-19',2253.89,2057.31,-196.58,'BEA   NR:3GWG61   19.05.17/19.44 Albert Heijn BV ROTTERDA,PAS817','2017-06-13 22:14:52','2017-06-14 06:00:54',2);
/*!40000 ALTER TABLE `transactions` ENABLE KEYS */;
UNLOCK TABLES;
/*!40103 SET TIME_ZONE=@OLD_TIME_ZONE */;

/*!40101 SET SQL_MODE=@OLD_SQL_MODE */;
/*!40014 SET FOREIGN_KEY_CHECKS=@OLD_FOREIGN_KEY_CHECKS */;
/*!40014 SET UNIQUE_CHECKS=@OLD_UNIQUE_CHECKS */;
/*!40101 SET CHARACTER_SET_CLIENT=@OLD_CHARACTER_SET_CLIENT */;
/*!40101 SET CHARACTER_SET_RESULTS=@OLD_CHARACTER_SET_RESULTS */;
/*!40101 SET COLLATION_CONNECTION=@OLD_COLLATION_CONNECTION */;
/*!40111 SET SQL_NOTES=@OLD_SQL_NOTES */;

-- Dump completed on 2017-08-09 23:03:18
